ubermeisters@lemmy.world,1,5186,517,531,2
guantousam@lemmy.world,2,4146,517,531,2
ShadowGlider@lemmy.world,3,3898,517,531,2
DragonM97HD@lemmy.world,4,3604,517,531,2
Lokloy@lemmy.world,5,3569,517,531,2
DJSoundwav3@lemmy.world,6,2940,517,531,2
peter_pangolin@toast.ooo,7,2871,517,531,2
Bottom@lemm.ee,8,2800,517,531,2
NanoPi@lemmy.world,9,2783,517,531,2
akq@lemm.ee,10,2727,517,531,2
Aenigma@lemmy.world,11,2634,517,531,2
Lilou41@lemmy.world,12,2613,517,531,2
dave@lemmy.nz,13,2585,517,531,2
Stoneykins@mander.xyz,14,2501,517,531,2
trixysaur@lemmy.blahaj.zone,15,2495,517,531,2
surfbum@lemmy.nz,16,2478,517,531,2
Cloud_Y@lemmy.world,17,2446,517,531,2
Themisto@lemmy.world,18,2412,517,531,2
AbouBenAdhem@lemmy.world,19,2402,517,531,2
EXtremeExploit@lemmy.world,20,2366,517,531,2
Tzingo@lemmy.world,21,2345,517,531,2
SquReal@toast.ooo,22,2300,517,531,2
somepony@lemmy.world,23,2285,517,531,2
nellymoose@lemmy.world,24,2278,517,531,2
the_dopamine_fiend@lemmy.world,25,2226,517,531,2
cluster_bright@lemmy.world,26,2204,517,531,2
Monkmoo@lemmy.world,26,2204,517,531,2
greenbean@lemmy.ml,28,2192,517,531,2
ILSB@lemmy.world,29,2107,517,531,2
ginjutsu@lemmy.world,30,2086,517,531,2
F00DPLZ@nano.garden,31,2063,517,531,2
Waffle6787@lemmy.world,32,2043,517,531,2
shunned_marble4378@feddit.de,33,2042,517,531,2
MoonlitChaser@lemmy.world,34,2025,517,531,2
KoboldCoterie@pawb.social,35,2017,517,531,2
tanker405th@lemmy.world,36,2001,517,531,2
basxto@discuss.tchncs.de,37,1979,517,531,2
Lumun@lemmy.zip,38,1923,517,531,2
Enderson1320@lemmy.world,39,1904,517,531,2
Rose@lemmy.world,40,1901,517,531,2
p0ppe@lemmy.world,41,1899,517,531,2
Rogue1633@discuss.tchncs.de,42,1884,517,531,2
NoNotLikeThat@lemm.ee,43,1882,517,531,2
usernamesaretricky@lemmy.ml,44,1879,517,531,2
lnxtx@feddit.nl,45,1877,517,531,2
zer0@feddit.de,46,1865,517,531,2
Ihnivid@feddit.de,47,1817,517,531,2
beansbeansbeans@lemmy.world,48,1815,517,531,2
Fabulous@lemmy.world,49,1810,517,531,2
Fabulous@infosec.pub,50,1799,517,531,2
KAP2003@lemmy.world,51,1788,517,531,2
flora_explora@beehaw.org,52,1780,517,531,2
FeatherFoot@lemmy.world,53,1720,517,531,2
blueether@no.lastname.nz,54,1714,517,531,2
marius851000@lemmy.mariusdavid.fr,55,1706,517,531,2
alex@feddit.de,56,1701,517,531,2
lnm225@sh.itjust.works,57,1681,517,531,2
Kilgorio@lemmy.world,58,1664,517,531,2
TDK@lemmy.world,59,1629,517,531,2
Mrs_deWinter@feddit.de,59,1629,517,531,2
alycat@lemmy.blahaj.zone,61,1619,517,531,2
ArieTheFloof@lemmy.blahaj.zone,62,1613,517,531,2
9point6@lemmy.world,63,1609,517,531,2
parsnip@lemmy.ca,64,1592,517,531,2
rrconkle@lemmy.zip,65,1581,517,531,2
squids@sopuli.xyz,66,1572,517,531,2
IllinoisMapper@lemmy.world,67,1564,517,531,2
Firebolt117@lemmy.world,68,1556,517,531,2
magical@lemmy.henknet.org,69,1549,517,531,2
Sarsaparilla@aussie.zone,70,1541,517,531,2
weird_kit@lemmy.blahaj.zone,71,1540,517,531,2
KAP03@lemmy.world,71,1540,517,531,2
HazySkies@lemmy.world,73,1539,517,531,2
Cdr_Johannsen@feddit.de,74,1535,517,531,2
mubelotix@jlai.lu,75,1503,517,531,2
PrimeSuspect@lemmy.blahaj.zone,75,1503,517,531,2
PM_CTD@lemmy.world,77,1501,517,531,2
Spiritdash@lemmy.world,78,1493,517,531,2
DuskyRo@lemmy.world,79,1471,517,531,2
weebkent@ani.social,80,1463,517,531,2
GlennMagusHarvey@mander.xyz,81,1451,517,531,2
Midnightmoon@lemmy.world,82,1431,517,531,2
lym@lemmy.world,82,1431,517,531,2
tamlyn@lemmy.zip,84,1425,517,531,2
Amidatelion097@lemmy.world,85,1423,517,531,2
emi_x@lemmy.world,86,1411,517,531,2
kafuupone@lemmy.world,87,1408,517,531,2
tblflip@pawb.social,87,1408,517,531,2
Etegon@programming.dev,89,1402,517,531,2
StillPaisleyCat@startrek.website,90,1388,517,531,2
gratux@lemmy.blahaj.zone,90,1388,517,531,2
AchillesUltimate@lemy.lol,92,1385,517,531,2
Doborus@toast.ooo,92,1385,517,531,2
koorool@feddit.de,94,1374,517,531,2
user224@lemmy.sdf.org,95,1373,517,531,2
Pxtl@lemmy.ca,96,1365,517,531,2
Syrc@lemmy.world,97,1361,517,531,2
PositiveControl@feddit.it,98,1344,517,531,2
Shushue10@lemmy.world,99,1336,517,531,2
IcyToes@sh.itjust.works,100,1321,517,531,2
ViperActual@sh.itjust.works,101,1320,517,531,2
namipa@lemmy.world,102,1311,517,531,2
baascus@lemm.ee,103,1309,517,531,2
shotgun_crab@lemmy.world,104,1302,517,531,2
ThatSnek@lemmy.world,105,1294,517,531,2
kira_ananta@lemmy.blahaj.zone,106,1289,517,531,2
Nirfu@sh.itjust.works,107,1287,517,531,2
iso@lemy.lol,108,1270,517,531,2
smallpanther@lemmy.dbzer0.com,109,1265,517,531,2
Ategon@programming.dev,110,1257,517,531,2
MrPoopapants@lemmy.world,111,1246,517,531,2
Autian@feddit.de,112,1241,517,531,2
erin@lemmy.sidh.bzh,113,1237,517,531,2
Tihan@lemmy.world,114,1236,517,531,2
ChlorineAddict@lemmy.world,115,1234,517,531,2
cralder@feddit.nu,115,1234,517,531,2
observer@feddit.de,115,1234,517,531,2
Rene_Z@lemmy.world,118,1232,517,531,2
ctr1@fl0w.cc,119,1226,517,531,2
BlueEther@lemmy.nz,120,1216,517,531,2
em2@lemmy.ml,120,1216,517,531,2
ringmasterincestuous@aussie.zone,122,1212,517,531,2
Kalcifer@lemmy.world,123,1211,517,531,2
eating3645@lemmy.world,124,1210,517,531,2
testaccount789@sh.itjust.works,125,1209,517,531,2
FireWire400@lemmy.world,126,1186,517,531,2
Tacosaus@lemmy.world,126,1186,517,531,2
BatPonyEEE@lemmy.world,128,1175,517,531,2
Yomama@lemmy.world,129,1174,517,531,2
nachtigall@feddit.de,130,1171,517,531,2
Kuschdopf@feddit.de,131,1162,517,531,2
seulgi@lemmy.ml,132,1155,517,531,2
Limitless_screaming@lemmy.world,133,1152,517,531,2
k2003@lemmy.world,134,1146,517,531,2
PLS_PM_ME_UR_NUDEZ@lemmy.world,135,1141,517,531,2
ram@lemmy.ca,136,1128,517,531,2
grte@lemmy.ca,137,1126,517,531,2
Dynoscord@lemmy.world,138,1123,517,531,2
LengthierCrowd@lemm.ee,139,1119,517,531,2
HappySquid@feddit.ch,140,1117,517,531,2
xuv@lemmy.blahaj.zone,141,1111,517,531,2
eatham@aussie.zone,142,1103,517,531,2
baascus@lemmy.world,143,1100,517,531,2
nooch@lemmy.world,144,1097,517,531,2
iloverocks@feddit.de,145,1096,517,531,2
ludrol@bookwormstory.social,146,1095,517,531,2
nickname@lemmy.world,147,1077,517,531,2
baascus@programming.dev,148,1074,517,531,2
Gogggy@lemmy.world,149,1072,517,531,2
RobinSohn@feddit.de,150,1069,517,531,2
Spaceez@lemmy.world,151,1068,517,531,2
Speiser0@feddit.de,152,1063,517,531,2
AncientMariner@lemmy.world,153,1050,517,531,2
beansleg@lemm.ee,154,1045,517,531,2
FitchInks@feddit.de,155,1042,517,531,2
anonpony1@lemmy.zip,156,1039,517,531,2
EnergyBeam@lemmy.world,157,1030,517,531,2
haganbmj@lemmy.ml,158,1027,517,531,2
afedditor@lemmy.blahaj.zone,158,1027,517,531,2
Estiar@sh.itjust.works,158,1027,517,531,2
Setarkus@feddit.de,158,1027,517,531,2
shapeslemmyaccount@lemmy.world,162,1024,517,531,2
provomeister@lemmy.ca,162,1024,517,531,2
prodigalsorcerer@lemmy.ca,164,1022,517,531,2
famfo@social.dn42.us,165,1020,517,531,2
anka@feddit.de,166,1019,517,531,2
Shaik@lemmy.world,167,1018,517,531,2
mruczek@lemm.ee,168,1016,517,531,2
Bigcheese@lemmy.world,169,1014,517,531,2
SirBwennan@lemmy.world,170,1012,517,531,2
AnarchyArcher@lemmy.world,171,1010,517,531,2
koper@feddit.nl,172,1008,517,531,2
Gurkinator@toast.ooo,172,1008,517,531,2
AXLplosion@lemmy.zip,174,1006,517,531,2
talou@jlai.lu,175,1003,517,531,2
minishoemaze@beehaw.org,176,996,517,531,2
itsmect@monero.town,177,987,517,531,2
grimcient@lemmy.world,178,984,517,531,2
miningforrocks@lemmy.ml,179,982,517,531,2
PixeIOrange@lemmy.world,180,971,517,531,2
Bonestyx@lemmy.world,181,970,517,531,2
ythaha668@lemmy.world,182,967,517,531,2
Roundcat@lemmy.ca,183,958,517,531,2
grant@toast.ooo,184,955,517,531,2
neurospice@lemmy.dbzer0.com,185,954,517,531,2
Techno@lemmy.world,186,947,517,531,2
mac@programming.dev,186,947,517,531,2
Gamer_Lab1234@lemmy.world,188,946,517,531,2
komplekx@lemmy.world,189,945,517,531,2
talou@lemmy.world,189,945,517,531,2
stoneykins@lemmy.world,191,943,517,531,2
KrisDeltarune@lemmy.world,192,942,517,531,2
577_Rhea@lemmy.blahaj.zone,193,940,517,531,2
depress_mode@lemmy.world,194,933,517,531,2
crazyminner@sh.itjust.works,195,930,517,531,2
redw0rm@kerala.party,195,930,517,531,2
4rano@lemmy.world,197,928,517,531,2
soliloquy@startrek.website,198,926,517,531,2
ack12@programming.dev,199,924,517,531,2
hubi@feddit.de,200,920,517,531,2
GaiusGornicusCaesar@startrek.website,201,916,517,531,2
slakett@feddit.de,201,916,517,531,2
Atan@lemmy.ml,203,913,517,531,2
waterplants@lemm.ee,204,911,517,531,2
redd@discuss.tchncs.de,205,910,517,531,2
Melkmeisje@lemmy.world,205,910,517,531,2
BloodSurg@lemmy.world,207,907,517,531,2
L3s@lemmy.world,207,907,517,531,2
PwnTra1n@lemmy.world,209,906,517,531,2
SebSnares@feddit.de,210,895,517,531,2
mira@lemmy.blahaj.zone,211,894,517,531,2
qubik@lemmy.world,211,894,517,531,2
SeaOfTroubles@lib.lgbt,213,892,517,531,2
Monologue@lemmy.zip,214,890,517,531,2
panterita@lemmy.world,215,887,517,531,2
fede@lemmy.world,215,887,517,531,2
Firefly7@lemmy.blahaj.zone,217,884,517,531,2
jack@monero.town,218,876,517,531,2
LopensLeftArm@sh.itjust.works,219,873,517,531,2
Definitelynotacat@sh.itjust.works,220,870,517,531,2
uis@lemmy.world,221,868,517,531,2
broadwell@lemmy.world,222,866,517,531,2
HeyHo@feddit.de,223,863,517,531,2
MaxHardwood@lemmy.ca,224,862,517,531,2
Today@lemmy.world,225,861,517,531,2
Rooki@lemmy.world,226,858,517,531,2
daskibby@lemmy.world,227,855,517,531,2
federalreverse@feddit.de,228,854,517,531,2
xLy@programming.dev,228,854,517,531,2
7eter@feddit.de,230,848,517,531,2
silvershrimp0@lemmy.world,231,847,517,531,2
Ninjabread@lemmy.ml,232,846,517,531,2
verb@mander.xyz,233,844,517,531,2
senkora@lemmy.zip,234,842,517,531,2
IchLiebeKetchup@feddit.de,235,841,517,531,2
angrath@mtgzone.com,236,837,517,531,2
Xanthippe@feddit.de,237,827,517,531,2
favrion@toast.ooo,238,826,517,531,2
mcdolan@lemmy.world,239,824,517,531,2
GreenProton@lemmy.blahaj.zone,240,822,517,531,2
SomeBoyo@feddit.de,241,814,517,531,2
ethan@aussie.zone,242,812,517,531,2
Andy@lemmy.blahaj.zone,242,812,517,531,2
Ramhorn01@lemm.ee,244,810,517,531,2
bstix@feddit.dk,245,805,517,531,2
Kookaburra@lemmy.world,246,800,517,531,2
Aequitas@feddit.de,247,796,517,531,2
_jj_@feddit.ch,248,795,517,531,2
krafting@lemmy.world,249,791,517,531,2
sky@slrpnk.net,250,790,517,531,2
whitleyodonne@lemmy.world,251,786,517,531,2
TosefJaylor@lemm.ee,252,784,517,531,2
eagleeyedtiger@lemmy.nz,252,784,517,531,2
the_real_monte@sh.itjust.works,252,784,517,531,2
BembelSommelier@feddit.de,255,777,517,531,2
yistdaj@pawb.social,256,775,517,531,2
C0RBEENO@toast.ooo,257,763,517,531,2
Mirodir@lemmy.fmhy.net,258,752,517,531,2
terkaz@discuss.online,259,750,517,531,2
Globalwhole@lemmy.world,260,749,517,531,2
unautrenom@jlai.lu,260,749,517,531,2
7eter@lemmy.ml,262,747,517,531,2
aircooledjenkins@lemmy.world,263,744,517,531,2
u_1f914@lemmy.world,264,743,517,531,2
SwingTheVine@lemmy.world,265,741,517,531,2
011@lemmy.world,266,738,517,531,2
viivol@lemm.ee,267,736,517,531,2
SanguinePar@lemmy.world,268,735,517,531,2
Starman_x64@lemmy.world,268,735,517,531,2
Staze@ani.social,268,735,517,531,2
BigChungus21@lemmy.world,271,730,517,531,2
talou@lemmy.ml,272,727,517,531,2
0_0@lemmy.world,273,724,517,531,2
lemming@feddit.de,274,723,517,531,2
WeirdAlex03@lemmy.zip,275,719,517,531,2
Cloudburst@lemmy.blahaj.zone,276,714,517,531,2
eqminmax@lemmy.world,277,713,517,531,2
Hidono@lemmy.world,278,710,517,531,2
frank@sopuli.xyz,279,705,517,531,2
SummerIsTooWarm@lemmy.ml,280,704,517,531,2
Levsgetso@lemmy.zip,280,704,517,531,2
Celestia@lemmy.world,282,702,517,531,2
Drinvictus@discuss.tchncs.de,283,701,517,531,2
vintprox@geddit.social,284,700,517,531,2
h3ndrik@feddit.de,285,696,517,531,2
patyk@lemmy.world,286,695,517,531,2
metarmask@sh.itjust.works,287,687,517,531,2
hawthornbunny@lib.lgbt,288,685,517,531,2
poot@sh.itjust.works,289,677,517,531,2
skillissuer@lemmy.world,290,676,517,531,2
rufus@discuss.tchncs.de,290,676,517,531,2
Olissipo@lemmy.pt,292,675,517,531,2
wetnoodle@toast.ooo,293,674,517,531,2
igorlogius@lemmy.world,294,672,517,531,2
frogman@beehaw.org,295,671,517,531,2
KiraKo@feddit.de,295,671,517,531,2
ScandalFan85@feddit.de,295,671,517,531,2
somerandomperson1231@lemmy.dbzer0.com,298,668,517,531,2
Atrabiliousaurus@lemmy.world,298,668,517,531,2
BlasphemicMantis@beehaw.org,300,667,517,531,2
Homestuck@lemmy.blahaj.zone,301,666,517,531,2
Aloso@programming.dev,302,659,517,531,2
ludrol@szmer.info,303,652,517,531,2
prepare4claire@lemmy.blahaj.zone,304,650,517,531,2
aelorius@jlai.lu,305,649,517,531,2
vaalen@feddit.nu,306,648,517,531,2
redw0rm@lemmy.fmhy.net,307,647,517,531,2
simple@lemm.ee,308,642,517,531,2
MLPixel@lemmy.world,308,642,517,531,2
CycoralFish@lemmy.world,310,641,517,531,2
exploringnano@nano.garden,311,640,517,531,2
ArieTheFloof@pawb.social,312,639,517,531,2
astrionic@beehaw.org,313,638,517,531,2
Otegon@programming.dev,314,637,517,531,2
mobcharacter@lemmy.world,315,636,517,531,2
Kflash2814@lemmy.world,316,635,517,531,2
atlas@reddthat.com,317,628,517,531,2
Setarkus@lemmy.world,317,628,517,531,2
Fluttershy@lemm.ee,319,625,517,531,2
Pandantic@lemmy.world,319,625,517,531,2
CaptainBlagbird@lemmy.blahaj.zone,319,625,517,531,2
monerobull@monero.town,322,621,517,531,2
Sidge@lemm.ee,323,620,517,531,2
someguy3@lemmy.ca,324,616,517,531,2
PandaScarlett@lemmy.world,325,613,517,531,2
StillWatersPony@lemmy.world,326,610,517,531,2
LittleEndu@lemmy.world,327,606,517,531,2
Comfortablyglum@sh.itjust.works,328,602,517,531,2
dom@lemmy.ca,329,600,517,531,2
mxcory@lemmy.blahaj.zone,330,599,517,531,2
rookiTest@lemmy.world,331,598,517,531,2
Domkat@feddit.de,332,597,517,531,2
kaida@feddit.de,332,597,517,531,2
Wilker@lemmy.blahaj.zone,334,595,517,531,2
Tenthrow@lemmy.world,335,593,517,531,2
michl@sh.itjust.works,336,592,517,531,2
wowsa@lemmy.world,337,589,517,531,2
alaliliiso@casavaga.com,338,587,517,531,2
Navarian@lemm.ee,339,585,517,531,2
colares@lemmy.eco.br,340,582,517,531,2
ekZepp@lemmy.world,341,579,517,531,2
bolleeer@programming.dev,342,578,517,531,2
Prince_Jacko@lemmy.world,342,578,517,531,2
Psyblader@feddit.de,344,575,517,531,2
iso@sh.itjust.works,345,573,517,531,2
v0id@lemmy.fmhy.net,345,573,517,531,2
StoneyDcrew@lemmy.world,347,572,517,531,2
DerpyMan@lemmy.world,348,569,517,531,2
GGG@programming.dev,349,567,517,531,2
Cringedrif@lemmy.world,350,566,517,531,2
homestuckalt@lemmy.blahaj.zone,350,566,517,531,2
baked_horse@lemmy.world,352,565,517,531,2
ellypony@toast.ooo,353,564,517,531,2
aradgus@lemmy.ml,354,563,517,531,2
GeekFTW@beehaw.org,355,562,517,531,2
Sidge@toast.ooo,356,560,517,531,2
avk11@programming.dev,357,558,517,531,2
baggins@lemmy.ca,358,557,517,531,2
Vereinsmeier@feddit.de,359,556,517,531,2
Kid4today@lemmy.world,360,555,517,531,2
obbot@lemmy.world,361,553,517,531,2
LucidAurora@burggit.moe,361,553,517,531,2
Flugratte@feddit.de,363,551,517,531,2
radar@programming.dev,363,551,517,531,2
useless_modern_god@aussie.zone,363,551,517,531,2
yato@lemmy.fmhy.net,363,551,517,531,2
halferect@lemmy.world,367,549,517,531,2
ThePowerOfGeek@lemmy.world,368,547,517,531,2
Anissem@lemmy.ml,369,546,517,531,2
Xai@lemmy.world,370,545,517,531,2
SmallAlmond@lemmy.dbzer0.com,370,545,517,531,2
rustyraven@aussie.zone,372,544,517,531,2
sugar@toast.ooo,373,542,517,531,2
fortified_banana@beehaw.org,374,535,517,531,2
walderan@sh.itjust.works,375,528,517,531,2
lionir@beehaw.org,376,526,517,531,2
wertnert80@lemmy.world,377,522,517,531,2
null@slrpnk.net,378,520,517,531,2
CoLa666@feddit.de,379,519,517,531,2
Behelitus@lemmy.world,380,518,517,531,2
Polobu@lemmy.world,381,517,517,531,2
Ward4sh@lemmy.world,382,515,517,531,2
Dschingis_Pelikan@feddit.de,382,515,517,531,2
romano@lemmy.shtuf.eu,384,513,517,531,2
Cevedale@feddit.de,385,510,517,531,2
whatsinausername@lemmy.world,386,506,517,531,2
Redjard@lemmy.dbzer0.com,387,505,517,531,2
bmatrix@lemmy.world,388,500,517,531,2
s0up@lemmy.world,388,500,517,531,2
kyle03@lemmy.world,390,494,517,531,2
12510198@lemmy.blahaj.zone,390,494,517,531,2
OADINC@feddit.nl,392,491,517,531,2
chloyster@beehaw.org,393,489,517,531,2
brawleryukon@lemmy.world,394,486,517,531,2
johnhamelink@lemmy.ml,394,486,517,531,2
1011@lemmy.one,396,483,517,531,2
InternationalKnee69@feddit.de,397,481,517,531,2
duckyluuk@lemm.ee,398,480,517,531,2
myedition8@lemmy.world,399,477,517,531,2
hitwright@lemmy.world,400,474,517,531,2
Robaque@feddit.it,400,474,517,531,2
lutillian@sh.itjust.works,402,473,517,531,2
NoHopeUnderBlackSun@lemmy.world,402,473,517,531,2
hark@lemmy.world,404,471,517,531,2
JudahBenHur@lemm.ee,404,471,517,531,2
Redjard@lemmy.world,406,470,517,531,2
morrowind@lemmy.ml,407,469,517,531,2
brgo@lemmy.nz,407,469,517,531,2
Redjard@lemmy.ml,409,465,517,531,2
larktreblig@sh.itjust.works,410,462,517,531,2
Manwaffles@lemmy.world,410,462,517,531,2
norwedish@lemmy.federated.club,410,462,517,531,2
EldradUlthran@lemmy.world,413,460,517,531,2
NoToPropaganda@lemmy.world,413,460,517,531,2
osrsneedsf2p@lemmy.ml,413,460,517,531,2
memementor@beehaw.org,416,458,517,531,2
OtherPetard@feddit.nl,416,458,517,531,2
Hikyuri@lemmy.world,418,457,517,531,2
itsyourmom@lemmy.world,419,456,517,531,2
Xamrica@lemmings.world,419,456,517,531,2
Xkdrxodrixkr@feddit.de,421,454,517,531,2
sidecar@lemmy.world,422,453,517,531,2
itszednotzee@lemmy.antemeridiem.xyz,422,453,517,531,2
sarahnya@lemmy.blahaj.zone,424,451,517,531,2
BoltSlayer@lemmy.world,425,450,517,531,2
Gingernate@lemmy.world,426,448,517,531,2
lexihexi@lemmy.blahaj.zone,426,448,517,531,2
Tilted@programming.dev,428,445,517,531,2
ThatVeganTeacher@lemmy.world,428,445,517,531,2
TwinkleSprinkle@lemmy.world,428,445,517,531,2
pine@lemm.ee,431,442,517,531,2
kindernacht@lemmy.world,432,441,517,531,2
WinniesButthole@lemmy.world,433,440,517,531,2
carpark2@lemmy.world,433,440,517,531,2
thomsbe@red.cyberhase.de,435,439,517,531,2
sparky678348@lemm.ee,435,439,517,531,2
kilgore_trout@feddit.it,437,438,517,531,2
EldradUlthran@lemmy.blahaj.zone,438,437,517,531,2
SharkEatingBreakfast@sh.itjust.works,438,437,517,531,2
brightfadeddog@sh.itjust.works,438,437,517,531,2
vgnbsxl@feddit.de,441,435,517,531,2
StomachGraveyard@lemmy.world,442,432,517,531,2
AntiHeroChris@lemmy.world,442,432,517,531,2
shukufuku@lemmy.ml,444,431,517,531,2
Gamer_Lab2@lemmy.world,444,431,517,531,2
PLS_PM_ME_UR_NUDEZ@szmer.info,446,429,517,531,2
freddo@feddit.nu,447,428,517,531,2
CoachDom@lemmy.blahaj.zone,448,425,517,531,2
Snipe_AT@lemmy.atay.dev,448,425,517,531,2
chop@discuss.tchncs.de,450,424,517,531,2
Wilta3r_@lemmy.world,450,424,517,531,2
larktreblig@lemmy.world,452,422,517,531,2
Blue_eyed_Fox@lemmy.world,453,420,517,531,2
Lokoschade@feddit.de,453,420,517,531,2
Elchi@feddit.de,453,420,517,531,2
StarMage@lemmy.blahaj.zone,453,420,517,531,2
webghost0101@sopuli.xyz,457,419,517,531,2
sortofblue@lemmy.nz,458,417,517,531,2
Wolferatu@feddit.ch,459,414,517,531,2
xenotor@lemmy.world,460,412,517,531,2
stuckbylightning@reddthat.com,460,412,517,531,2
lailxd@lemmy.world,462,409,517,531,2
julianh@lemm.ee,462,409,517,531,2
GravityRushed@sh.itjust.works,464,408,517,531,2
Grishaix@feddit.de,464,408,517,531,2
lay@lemmy.sdf.org,466,407,517,531,2
Plaz_ma@lemmy.world,467,406,517,531,2
Quills@sh.itjust.works,468,405,517,531,2
borke@sh.itjust.works,468,405,517,531,2
SNeedlewoods@monero.town,470,404,517,531,2
Jwhardcastle@beehaw.org,471,403,517,531,2
bringtogethernow@lemm.ee,472,402,517,531,2
anonymous1691294527@lemmy.world,472,402,517,531,2
KeepssMe@lemmy.world,474,400,517,531,2
Kuroame@ani.social,474,400,517,531,2
Ad5001@lemmy.world,476,399,517,531,2
thebluecorner@lemmy.world,476,399,517,531,2
Jesster@lemmy.blahaj.zone,476,399,517,531,2
SandyCheeks@lemmynsfw.com,476,399,517,531,2
Nittick@lemmy.world,480,398,517,531,2
alextheturtle@lemmy.blahaj.zone,480,398,517,531,2
anonymous1691295108@lemmy.world,482,396,517,531,2
CadburyCream@feddit.nl,482,396,517,531,2
PdizzleParker@lemmy.world,484,394,517,531,2
anonymous1691293996@lemmy.world,484,394,517,531,2
legomannetje@lemmy.henknet.org,486,393,517,531,2
VenyX@lemmy.world,486,393,517,531,2
Manger@lemmy.nz,488,392,517,531,2
beezlebug@feddit.de,488,392,517,531,2
fr75s@lemmy.world,490,391,517,531,2
popol_monopol@jlai.lu,491,388,517,531,2
bamboozledgoblin@lemmy.ml,491,388,517,531,2
beezlebug@lemmy.world,491,388,517,531,2
imonboard@lemmy.world,494,383,517,531,2
koorool@sopuli.xyz,495,382,517,531,2
Drukob@feddit.de,496,381,517,531,2
Setarkus@mander.xyz,496,381,517,531,2
bb010g@lemmy.blahaj.zone,496,381,517,531,2
magichorse@lemmy.world,499,380,517,531,2
56_@lemmy.ml,500,377,517,531,2
aaa@lemmy.blahaj.zone,501,376,517,531,2
anonymous1691296202@lemmy.world,502,375,517,531,2
Max@nano.garden,503,374,517,531,2
GFish@lemm.ee,503,374,517,531,2
L_Take@lemm.ee,505,372,517,531,2
mike@postit.quantentoast.de,506,371,517,531,2
porn@burggit.moe,507,370,517,531,2
KargarocP4@startrek.website,508,369,517,531,2
Romben@lemmy.ca,508,369,517,531,2
mokpo@lemm.ee,510,368,517,531,2
Grumer@feddit.de,511,366,517,531,2
LightnyCrimson@lemmy.world,511,366,517,531,2
beteigeuze@feddit.de,513,365,517,531,2
Claymore@lemm.ee,513,365,517,531,2
chris261090@feddit.de,515,364,517,531,2
Aloso@lemmyrs.org,516,362,517,531,2
President_Pyrus@feddit.dk,516,362,517,531,2
mitkah@feddit.de,518,361,517,531,2
rookiCookie@lemmy.world,519,358,517,531,2
glim@lemmy.world,520,356,517,531,2
CatotheCat@lemmy.world,521,355,517,531,2
AbsolutDestruction@lemmy.world,521,355,517,531,2
rexvizsla@lemmy.world,523,354,517,531,2
sami@lemmy.zip,524,352,517,531,2
Solaryo@lemmy.world,524,352,517,531,2
pornalt@reddthat.com,524,352,517,531,2
drbluefall@toast.ooo,524,352,517,531,2
ace@lemmy.ananace.dev,528,349,517,531,2
Snek@feddit.ch,529,348,517,531,2
opperhenk@lemmy.henknet.org,530,347,517,531,2
pronalt@lemmynsfw.com,530,347,517,531,2
diemehrheit@feddit.de,532,346,517,531,2
GaWran@lemmy.world,532,346,517,531,2
Gam3r_Lab3@lemmy.world,532,346,517,531,2
tinhoso_indolente@lemmy.eco.br,535,345,517,531,2
totally_notAcat@lemmy.blahaj.zone,535,345,517,531,2
lavafroth@programming.dev,537,343,517,531,2
TemeK@lemm.ee,537,343,517,531,2
pronalt@pornlemmy.com,539,342,517,531,2
Nate@postit.quantentoast.de,539,342,517,531,2
Zephyr@lemmy.blahaj.zone,541,340,517,531,2
squaresinger@feddit.de,542,339,517,531,2
mjdiliscia@lemm.ee,542,339,517,531,2
windeule@feddit.de,542,339,517,531,2
cwilliams@beehaw.org,545,338,517,531,2
Lhlmarques@lemmy.world,546,337,517,531,2
scew@lemmy.world,547,334,517,531,2
ThetaDev@lemmy.fmhy.net,548,333,517,531,2
A10@kerala.party,548,333,517,531,2
idkwhattoputasmyusername@lemmy.world,548,333,517,531,2
inlandempire@jlai.lu,551,331,517,531,2
lemmyrob23@geddit.social,552,329,517,531,2
Hondadude719@lemmy.world,553,328,517,531,2
slowpowke@nano.garden,554,327,517,531,2
sherman@kerala.party,554,327,517,531,2
Ow0cast@sh.itjust.works,556,326,517,531,2
Henk4Life@lemmy.world,556,326,517,531,2
admin@nano.garden,556,326,517,531,2
SuperApples@lemmy.world,559,325,517,531,2
NotSpez@lemmy.world,560,324,517,531,2
Tekomepossenomo@lemmy.world,561,323,517,531,2
soullioness@lemmy.world,561,323,517,531,2
Fish@midwest.social,561,323,517,531,2
Kagemaru@lemmy.world,564,322,517,531,2
CriticalSilence@feddit.de,565,321,517,531,2
1henno1@feddit.ch,566,317,517,531,2
Brickhead92@lemmy.world,567,316,517,531,2
SicParvisMagna@feddit.nu,567,316,517,531,2
heeeeeeee@lemmy.world,569,313,517,531,2
kencombos@lemmy.world,570,312,517,531,2
WhatThaFudge@lemmy.sdf.org,570,312,517,531,2
Olgratin_Magmatoe@lemmy.world,572,311,517,531,2
spread@programming.dev,572,311,517,531,2
President_Pyrus@lemmy.world,574,309,517,531,2
SMB@lemmy.world,575,308,517,531,2
rookiDev@lemmy.world,576,307,517,531,2
mr_buscemi@lemmy.blahaj.zone,576,307,517,531,2
varikvalefor@yiffit.net,576,307,517,531,2
usuario@lemmy.ml,579,303,517,531,2
Traditional_Stick_49@lemmy.world,579,303,517,531,2
Mystimorphix@lemmy.ml,579,303,517,531,2
DrDerrek@lemmy.world,579,303,517,531,2
lambdabeta@lemmy.ca,583,301,517,531,2
0xmrtt@lemmy.ml,583,301,517,531,2
kersploosh@sh.itjust.works,585,300,517,531,2
LadyAutumn@lemmy.blahaj.zone,585,300,517,531,2
swordthensnow@lemmy.world,587,299,517,531,2
cyyypher@lemmy.world,588,298,517,531,2
zurchpet@lemmy.ml,589,297,517,531,2
embit@feddit.de,590,295,517,531,2
Froot_lloop@lemmy.world,590,295,517,531,2
stebo02@lemmy.dbzer0.com,590,295,517,531,2
Doremy@lemmy.world,593,294,517,531,2
GAHZT@lemmy.world,593,294,517,531,2
18107@aussie.zone,595,293,517,531,2
alis@lemmy.world,596,292,517,531,2
miketocool@lemmy.world,596,292,517,531,2
kamad@lemmy.world,598,291,517,531,2
bappity@lemmy.world,598,291,517,531,2
techie@lemmy.world,598,291,517,531,2
weew@lemm.ee,598,291,517,531,2
neonridex@lemmy.world,598,291,517,531,2
kali_hero@lemmy.world,598,291,517,531,2
0xmrtt@toast.ooo,604,290,517,531,2
AGWallace@nano.garden,604,290,517,531,2
chunk@lemmy.world,606,288,517,531,2
American_Jesus@lemm.ee,606,288,517,531,2
Waluigi@feddit.de,608,287,517,531,2
tavarin@lemmy.ca,608,287,517,531,2
Fireplant@lemmy.world,610,286,517,531,2
mmagian@lemmy.ml,610,286,517,531,2
Ziggurat@sh.itjust.works,612,285,517,531,2
ytrav@lemmy.world,613,284,517,531,2
Gizmodeus@lemmy.blahaj.zone,613,284,517,531,2
Lyrosel@lemmy.world,613,284,517,531,2
StarMage27@lemm.ee,613,284,517,531,2
burrito82@feddit.de,617,283,517,531,2
Daudix@lemmy.world,618,282,517,531,2
MebHi@lemmy.world,618,282,517,531,2
bibliotectress@lemmy.world,620,281,517,531,2
ThetaDev@lemmy.world,620,281,517,531,2
Monologue@lemmy.world,622,276,517,531,2
mp3@lemmy.ca,623,275,517,531,2
tanker405th@lemmy.ml,623,275,517,531,2
klaymore@sh.itjust.works,623,275,517,531,2
SmirkSergal@pawb.social,626,272,517,531,2
DutchPowerFuckAll@lemmy.world,626,272,517,531,2
ludw@beehaw.org,626,272,517,531,2
lvl3_eroticism@lemmynsfw.com,626,272,517,531,2
freo3579@lemmy.world,630,271,517,531,2
sashimi@lemmy.world,630,271,517,531,2
jo3rn@feddit.de,632,270,517,531,2
dakerDraws@pawb.social,632,270,517,531,2
418@postit.quantentoast.de,632,270,517,531,2
enjoy_slurm@lemmy.world,635,269,517,531,2
kala_telo@lemmy.blahaj.zone,636,268,517,531,2
Slayan@lemmy.ca,636,268,517,531,2
lemmonadeguy@lemmy.world,638,266,517,531,2
Oxnvat@lemmy.world,639,265,517,531,2
GrantFive@lemmy.world,639,265,517,531,2
samc@lemmy.nz,641,264,517,531,2
AdrianTheFrog@lemmy.world,641,264,517,531,2
ithilwen@lemmy.world,643,262,517,531,2
p9j823f@lemmy.world,644,261,517,531,2
DeepCockGalactic@pornlemmy.com,645,260,517,531,2
Hikyuri@lemmynsfw.com,645,260,517,531,2
JudeH@lemmy.world,645,260,517,531,2
SeeStars@midwest.social,648,259,517,531,2
kvothelu@lemmy.world,649,258,517,531,2
beta_tester@lemmy.ml,649,258,517,531,2
johnnei@lemmy.johnnei.org,651,257,517,531,2
kat@feddit.de,651,257,517,531,2
Nath@aussie.zone,653,256,517,531,2
hitagi@ani.social,654,255,517,531,2
duckington@lemmy.world,654,255,517,531,2
user68k@wired.bluemarch.art,656,254,517,531,2
starflower@lemmy.blahaj.zone,656,254,517,531,2
raposia@lemmy.world,658,253,517,531,2
pickles@lemmy.blahaj.zone,659,252,517,531,2
dddw@lemm.ee,659,252,517,531,2
Shizukan@lemmy.world,661,249,517,531,2
Xotor@feddit.de,662,248,517,531,2
LeftRedditOnJul1@lemmy.world,663,246,517,531,2
lemmyrob23@lemmy.world,663,246,517,531,2
Sal@mander.xyz,665,245,517,531,2
deras@sopuli.xyz,665,245,517,531,2
Seroel@lemmy.blahaj.zone,667,244,517,531,2
Zeku@feddit.de,667,244,517,531,2
Rukmer@lemmy.world,669,243,517,531,2
Dreyns@lemmy.ml,670,242,517,531,2
mauzg0d@lemmy.world,670,242,517,531,2
drunnells@lemmy.world,670,242,517,531,2
ImTiagoSousa@lemmy.world,670,242,517,531,2
Demigodrick@lemmy.zip,674,241,517,531,2
Jayvmou@lemm.ee,674,241,517,531,2
atake@lemm.ee,674,241,517,531,2
gtaEPIC@lemmy.world,674,241,517,531,2
Vivhai@lemmy.blahaj.zone,678,240,517,531,2
Aras@feddit.de,679,238,517,531,2
dabster291@lemmy.zip,679,238,517,531,2
Kokaut@feddit.de,679,238,517,531,2
20wontons@lemmy.world,679,238,517,531,2
L5s@lemmy.world,683,237,517,531,2
ClamDrinker@lemmy.world,684,235,517,531,2
Chloyster@lemm.ee,684,235,517,531,2
Ritsu4Life@lemmy.world,684,235,517,531,2
IPimpMickeyMouse@lemmy.world,684,235,517,531,2
Jax@programming.dev,688,234,517,531,2
Coaster@lemmy.world,688,234,517,531,2
L4s@lemmy.world,688,234,517,531,2
nevergonnagive@lemmy.ca,691,232,517,531,2
ChadThunderCock@lemmy.world,691,232,517,531,2
Rainbow@lemmy.myserv.one,691,232,517,531,2
portside@monyet.cc,691,232,517,531,2
Kleysley@discuss.tchncs.de,691,232,517,531,2
Xelnoc@lemmy.blahaj.zone,696,231,517,531,2
warehouse@lemm.ee,696,231,517,531,2
l6s@lemmy.world,698,230,517,531,2
massivepixler@lemmy.blahaj.zone,698,230,517,531,2
purplepudding@sopuli.xyz,700,228,517,531,2
ThatOneBatTurd@lemmy.one,700,228,517,531,2
Blue_Spark@lemmy.world,702,227,517,531,2
Pixelsuppe@lemmy.world,702,227,517,531,2
amplified@lemmy.world,704,226,517,531,2
ijeff@lemdro.id,704,226,517,531,2
Fisk400@lemmy.world,704,226,517,531,2
beezlebug@lemmynsfw.com,707,225,517,531,2
Nicu@lemmy.world,707,225,517,531,2
cheesorist@lemmy.world,707,225,517,531,2
Darxium@lemmy.world,710,224,517,531,2
admin@kerala.party,710,224,517,531,2
oihd@lemmy.world,710,224,517,531,2
bolleeer@lemmy.world,713,223,517,531,2
bolleeer@discuss.tchncs.de,714,221,517,531,2
Ery@lemmy.blahaj.zone,714,221,517,531,2
vint@l.antiope.link,714,221,517,531,2
ecbG6@sh.itjust.works,717,220,517,531,2
Nuage@lemmy.blahaj.zone,717,220,517,531,2
Parad1se@lemmy.world,717,220,517,531,2
akariii@lemmy.blahaj.zone,720,217,517,531,2
Cinderbutt@sh.itjust.works,720,217,517,531,2
Pancito@lemmy.world,720,217,517,531,2
GothicLlama@lemmy.world,720,217,517,531,2
Dindonmasker@sh.itjust.works,724,216,517,531,2
Tasio@lemmy.world,724,216,517,531,2
jawdetective@lemmy.zip,726,215,517,531,2
painterr34@lemmy.federated.club,727,214,517,531,2
0xmrtt@lemmy.ca,727,214,517,531,2
Xmaximus10@lemmy.world,729,213,517,531,2
MurphysPaw@sh.itjust.works,729,213,517,531,2
UhBell@lemmy.world,731,212,517,531,2
ANameOnTheInternet@lemmy.world,732,210,517,531,2
gingernate@lemm.ee,732,210,517,531,2
terminator@nano.garden,732,210,517,531,2
Derpy@lemmy.world,732,210,517,531,2
Kaliber50Kuchen@lemmy.world,732,210,517,531,2
PonE@discuss.online,737,209,517,531,2
anton@lemmy.blahaj.zone,737,209,517,531,2
StrawberrySocial@infosec.pub,737,209,517,531,2
muix@infosec.pub,737,209,517,531,2
kaput@jlai.lu,741,207,517,531,2
thomas@lemmy.douwes.co.uk,741,207,517,531,2
Smorty@lemmy.blahaj.zone,743,206,517,531,2
ddd_w@lemm.ee,744,204,517,531,2
Rez@sh.itjust.works,744,204,517,531,2
Gingernate@lemmy.ml,744,204,517,531,2
TheGuyTM3@lemmy.ml,744,204,517,531,2
Snuffleungus@discuss.online,744,204,517,531,2
oleorun@lemmy.fan,744,204,517,531,2
flatrute@lemmy.world,750,203,517,531,2
axmo@lemmy.ca,750,203,517,531,2
Grosshirn@feddit.de,752,202,517,531,2
pedrito@lemmy.world,753,201,517,531,2
willowsdsrising@lemmy.world,753,201,517,531,2
bunbun@lemmy.world,753,201,517,531,2
Albert180@feddit.de,756,200,517,531,2
hanke@feddit.nu,756,200,517,531,2
t0mmel@feddit.de,758,198,517,531,2
Katzenfleischlasagne@lemmy.world,758,198,517,531,2
jeff@lemdro.id,760,196,517,531,2
rich8n@lemmy.world,760,196,517,531,2
nIi7WJVZwktT4Ze@fost.hu,762,194,517,531,2
tourist@lemmy.world,763,193,517,531,2
pulverizedcoccyx@lemmy.ca,763,193,517,531,2
FallingHorizontally@lemmy.world,763,193,517,531,2
Siegfried@lemmy.world,763,193,517,531,2
Manfredolin@feddit.de,767,192,517,531,2
Bquintb@midwest.social,767,192,517,531,2
eggrror404@lemmy.world,767,192,517,531,2
YodaDaCoda@sh.itjust.works,767,192,517,531,2
fakeCheese@lemmy.blahaj.zone,771,191,517,531,2
jballs@sh.itjust.works,771,191,517,531,2
BonfireOvDreams@lemmy.world,773,190,517,531,2
Micromot@feddit.de,774,189,517,531,2
ssebastianoo@programming.dev,774,189,517,531,2
daskibby@lemmynsfw.com,776,188,517,531,2
noobdoomguy8658@feddit.de,777,186,517,531,2
hungryphrog@lemmy.blahaj.zone,777,186,517,531,2
Haneul@lemmy.world,779,185,517,531,2
Curated_Android@lemdro.id,779,185,517,531,2
batmancer@lemmy.world,779,185,517,531,2
Putykat@lemmy.world,779,185,517,531,2
astronaut_sloth@mander.xyz,779,185,517,531,2
Vanshaj@lemmy.world,784,184,517,531,2
dephyre@lemmy.world,784,184,517,531,2
Rez@beehaw.org,786,183,517,531,2
exec@pawb.social,786,183,517,531,2
mookulator@mander.xyz,786,183,517,531,2
Deme@lemmy.world,789,182,517,531,2
DustyNipples@lemmy.world,790,180,517,531,2
enil5@sh.itjust.works,790,180,517,531,2
roze_sha@programming.dev,792,179,517,531,2
ptz@dubvee.org,792,179,517,531,2
SpeedrunnerG55@lemmy.world,792,179,517,531,2
lvxferre@lemmy.ml,795,178,517,531,2
Alenalda@lemmy.world,796,176,517,531,2
Protogen32@lemmy.blahaj.zone,797,175,517,531,2
match@pawb.social,797,175,517,531,2
adalesio@slrpnk.net,799,174,517,531,2
kenotron@lemm.ee,799,174,517,531,2
wander@lemmy.blahaj.zone,801,173,517,531,2
gintokisama@lemmy.world,801,173,517,531,2
Neshura@bookwormstory.social,803,172,517,531,2
Generator@lemmy.pt,804,171,517,531,2
Teabow49@jlai.lu,804,171,517,531,2
CYCLR@lemmy.world,804,171,517,531,2
Hash@toast.ooo,804,171,517,531,2
green_pyroxene@lemmy.world,808,170,517,531,2
PaleVulpo@feddit.de,808,170,517,531,2
yads@lemmy.ca,808,170,517,531,2
Buzztiger@feddit.nl,808,170,517,531,2
al4s@lemmy.world,808,170,517,531,2
Aceton05@feddit.de,813,169,517,531,2
raubarno@lemmy.ml,814,168,517,531,2
Verwirrte_Verwirrung@toast.ooo,814,168,517,531,2
Gotteme@jlai.lu,816,167,517,531,2
mars@lemmy.ca,816,167,517,531,2
NicoCharrua@lemmy.ca,816,167,517,531,2
TvanBuuren@lemmy.world,819,166,517,531,2
Tntgamer12341@discuss.tchncs.de,819,166,517,531,2
Nephets@lemmy.world,821,165,517,531,2
lemonadebunny@lemmy.ca,822,164,517,531,2
luthis@lemmy.nz,822,164,517,531,2
woelkchen@lemmy.world,822,164,517,531,2
hellottie@jlai.lu,825,163,517,531,2
olicvb@lemmy.world,826,161,517,531,2
greta@sh.itjust.works,827,160,517,531,2
test@nano.garden,828,157,517,531,2
pebble@lemmy.jigoku.us.to,828,157,517,531,2
reichtangle@lemmy.world,828,157,517,531,2
demystify@lemmy.ml,828,157,517,531,2
Dufurson@lemmy.world,828,157,517,531,2
intothemoose@lemmy.world,828,157,517,531,2
ChaoticNeutralCzech@feddit.de,828,157,517,531,2
Mack@lemmy.ca,835,156,517,531,2
nave@lemmy.zip,835,156,517,531,2
nope@yiffit.net,835,156,517,531,2
Phlogiston99@lemmy.world,838,155,517,531,2
neuralnerd@lemmy.world,838,155,517,531,2
henkie@lemmy.world,838,155,517,531,2
esty@lemmy.ca,841,154,517,531,2
Simple_Bodybuilder82@lemmynsfw.com,841,154,517,531,2
lemmonade_man15@lemmy.world,843,153,517,531,2
cat_in_socks@lemmy.blahaj.zone,843,153,517,531,2
Iama_fish_ama@beehaw.org,843,153,517,531,2
anisphia@ani.social,846,152,517,531,2
MilderRichter@feddit.de,847,151,517,531,2
raytch@lemmy.world,847,151,517,531,2
beepnoise@beehaw.org,847,151,517,531,2
workisslow@lemmy.world,850,150,517,531,2
Triadager@feddit.de,850,150,517,531,2
miv403@programming.dev,852,149,517,531,2
Mikarific@lemmy.blahaj.zone,853,148,517,531,2
dogboy@reddthat.com,853,148,517,531,2
gamma@programming.dev,853,148,517,531,2
mupAus@aussie.zone,853,148,517,531,2
randomaccount43543@lemmy.world,853,148,517,531,2
demondude@lemmy.world,858,147,517,531,2
dbt@lemmy.world,858,147,517,531,2
aevumdecessus@lm.bittervets.org,860,146,517,531,2
Rin@lemm.ee,860,146,517,531,2
hmmmmlmao@lemmy.world,860,146,517,531,2
Wilshire@lemm.ee,863,145,517,531,2
Dazza@lemmy.world,863,145,517,531,2
kaotic@lemmy.world,863,145,517,531,2
OttoMaddox@lemmy.world,863,145,517,531,2
outofemailaliases@lemmy.blahaj.zone,863,145,517,531,2
Catsrules@lemmy.ml,868,144,517,531,2
Blackrox1411@lemmy.world,868,144,517,531,2
Paul_279@feddit.de,870,143,517,531,2
tinker@beehaw.org,870,143,517,531,2
ImInLoveWithLife@lemmy.world,870,143,517,531,2
Bandu@lemmy.world,873,142,517,531,2
osoLian@lemmy.world,873,142,517,531,2
Shimozu@lemmy.blahaj.zone,873,142,517,531,2
alizard@lemmy.world,873,142,517,531,2
Ciryamo@feddit.de,873,142,517,531,2
eatham@lemmy.world,878,140,517,531,2
amSour@sh.itjust.works,878,140,517,531,2
mushanga@feddit.nl,880,139,517,531,2
massiveasseffect@lemm.ee,880,139,517,531,2
lostmypasswordanew@feddit.de,880,139,517,531,2
independantiste@sh.itjust.works,880,139,517,531,2
Tyy@lemmy.blahaj.zone,880,139,517,531,2
Sigurd@lemmy.world,880,139,517,531,2
abcd@feddit.de,880,139,517,531,2
JustBrian7872@feddit.de,880,139,517,531,2
ForeverAGnome@lemmy.world,888,137,517,531,2
SimpleSyrup@lemmy.ml,888,137,517,531,2
dragfyre@lemmy.ml,890,136,517,531,2
miryem@lemmy.blahaj.zone,890,136,517,531,2
CanadianCorhen@lemmy.ca,890,136,517,531,2
bigkix@lemm.ee,893,135,517,531,2
alphapuggle@programming.dev,893,135,517,531,2
doublythumbs@lemmy.world,893,135,517,531,2
aranym@lemmy.name,896,134,517,531,2
h4wk3y3@feddit.de,897,133,517,531,2
30p87@feddit.de,897,133,517,531,2
VectorGraphics@lemmy.ca,897,133,517,531,2
OrdinaryFantasy@discuss.tchncs.de,897,133,517,531,2
deebster@lemmyrs.org,897,133,517,531,2
Nido@feddit.ch,902,132,517,531,2
Tierry@lemmy.world,902,132,517,531,2
binomialchicken@lemmy.blahaj.zone,904,131,517,531,2
Moonwalk@lemm.ee,904,131,517,531,2
razinc@lemmy.world,904,131,517,531,2
cowcow@lemmy.world,904,131,517,531,2
ace@lib.lgbt,908,130,517,531,2
Lyo@feddit.de,908,130,517,531,2
Terr@lemmy.ml,908,130,517,531,2
TheThing@pawb.social,911,129,517,531,2
SharkEatingBreakfast@lemmy.blahaj.zone,911,129,517,531,2
shino@lemmy.shinomoroll.net,913,128,517,531,2
stanford@discuss.as200950.com,913,128,517,531,2
YodaDaCoda@lemmynsfw.com,915,127,517,531,2
krosta@sh.itjust.works,915,127,517,531,2
Picodon@jlai.lu,917,126,517,531,2
Ski77en@lemmy.world,917,126,517,531,2
NeoZet@lemmy.zip,917,126,517,531,2
Azal@lemmy.world,917,126,517,531,2
Nath@lemmy.ml,921,125,517,531,2
IngeniousCrab@lemmy.world,921,125,517,531,2
jayv43@lemm.ee,921,125,517,531,2
ventusx@lemmy.world,921,125,517,531,2
decadentrebel@lemmy.world,921,125,517,531,2
spez@lemdro.id,926,124,517,531,2
Pinky135@lemmy.world,926,124,517,531,2
hubobes@lemmy.world,928,123,517,531,2
nx2@feddit.de,928,123,517,531,2
Sunkiller@lemmy.world,928,123,517,531,2
Autocrat@lemmy.ml,928,123,517,531,2
Brisolo32@lemmy.eco.br,932,122,517,531,2
bolt@lemmy.world,932,122,517,531,2
ijeff@feddit.de,932,122,517,531,2
beezlebug@lemmy.ml,932,122,517,531,2
Temriel@lemmy.world,936,121,517,531,2
orangered@feddit.de,936,121,517,531,2
gamma@sh.itjust.works,936,121,517,531,2
mrlavallee@lemmy.world,939,120,517,531,2
Android@lemdro.id,939,120,517,531,2
FigMcLargehuge@sh.itjust.works,939,120,517,531,2
Wolfiexo@lemmy.world,939,120,517,531,2
ijeff@lemmy.ca,943,119,517,531,2
Cloudkettle@feddit.de,943,119,517,531,2
dragfyre@beehaw.org,943,119,517,531,2
ijeff@sh.itjust.works,943,119,517,531,2
Death2lois@lemmy.one,943,119,517,531,2
fruity@lemmy.world,943,119,517,531,2
watersword@lemmy.world,949,118,517,531,2
TeckFire@lemmy.world,949,118,517,531,2
ijeff@lemm.ee,949,118,517,531,2
SomeDudeOnLemmy@lemmy.world,949,118,517,531,2
nebulr@nebu.land,949,118,517,531,2
SiKCLeR@lemmy.world,954,117,517,531,2
statue_smudge@lemmy.world,955,116,517,531,2
haraldtoepfer@lemmy.world,955,116,517,531,2
tippl@lemmy.world,955,116,517,531,2
Little8Lost@feddit.de,955,116,517,531,2
Wistful@discuss.tchncs.de,955,116,517,531,2
DevCuber@lemmy.world,960,115,517,531,2
mFcGlNBcfr@lemmy.ml,961,114,517,531,2
Shadow@lemmy.ca,961,114,517,531,2
loppwn@sh.itjust.works,963,113,517,531,2
cows_are_underrated@feddit.de,963,113,517,531,2
mzbean@lemm.ee,963,113,517,531,2
Rustybot@lemmy.world,966,112,517,531,2
ijeff@beehaw.org,966,112,517,531,2
allywilson@sopuli.xyz,966,112,517,531,2
felykiosa@sh.itjust.works,969,111,517,531,2
Choparts@lemmy.world,969,111,517,531,2
jfcode@lemmy.world,969,111,517,531,2
nebula42@lemmy.world,969,111,517,531,2
dscratch@sh.itjust.works,969,111,517,531,2
Dusktor@lemmy.world,969,111,517,531,2
littleshyfim@lemmy.world,969,111,517,531,2
JakobDev@feddit.de,969,111,517,531,2
LeTak@lemm.ee,977,110,517,531,2
retake@lemmy.world,978,109,517,531,2
Johanno@lemmy.fmhy.net,978,109,517,531,2
haohao@lemm.ee,978,109,517,531,2
adam@discuss.tchncs.de,981,108,517,531,2
EmArts101@lemmy.world,981,108,517,531,2
balance_sheet@lemmy.world,981,108,517,531,2
pruwybn@discuss.tchncs.de,984,107,517,531,2
SniperFred@feddit.de,984,107,517,531,2
paradoxvoid@aussie.zone,984,107,517,531,2
Drifkialeon@feddit.it,984,107,517,531,2
perennial@lemmy.sdf.org,984,107,517,531,2
Gimly@lemmy.world,989,106,517,531,2
galactix@thegarden.land,989,106,517,531,2
shrugal@lemm.ee,991,105,517,531,2
rustyricotta@lemmy.ml,991,105,517,531,2
noresih713@lemmy.world,991,105,517,531,2
yogurtwrong@lemmy.world,991,105,517,531,2
SporraticConversion@discuss.tchncs.de,991,105,517,531,2
arudesalad@lemmy.world,991,105,517,531,2
GreenGreatDragon@feddit.dk,991,105,517,531,2
thundercunt@lemm.ee,998,104,517,531,2
FlyingOtter@feddit.de,998,104,517,531,2
xiyere298@lemmy.world,1000,103,517,531,2
spaduf@lemmy.blahaj.zone,1000,103,517,531,2
Obi@sopuli.xyz,1000,103,517,531,2
Hallainzil@lemmy.world,1000,103,517,531,2
Kaiki_Devil@lemmy.ml,1000,103,517,531,2
evanuggetpi@lemmy.nz,1000,103,517,531,2
PrivateNoob@sopuli.xyz,1000,103,517,531,2
bevan@lemmy.nz,1007,102,517,531,2
lazycouchpotato@lemmy.world,1007,102,517,531,2
gokaya6667@lemmy.world,1007,102,517,531,2
Grungeehamster@lemmy.world,1010,101,517,531,2
skabunkel@lemmy.world,1010,101,517,531,2
kerplink@lemmy.sedimentarymountains.com,1010,101,517,531,2
wiftoff93@lemmy.today,1010,101,517,531,2
SorryforSmelling@lemmy.blahaj.zone,1014,100,517,531,2
jajeje3923@lemmy.world,1014,100,517,531,2
hyper@lemmy.world,1014,100,517,531,2
brokengood@endlesstalk.org,1017,99,517,531,2
Dromnom@lemmy.ml,1017,99,517,531,2
pacogens@lemmy.ml,1017,99,517,531,2
cilantro_is_good@waveform.social,1020,98,517,531,2
similideano@sopuli.xyz,1020,98,517,531,2
daudi@lemmy.world,1020,98,517,531,2
medgremlin@lemmy.sdf.org,1020,98,517,531,2
fauli1221@feddit.de,1024,97,517,531,2
i_cant_sports@lemmy.ml,1024,97,517,531,2
NeoTheFolf@lemmy.world,1024,97,517,531,2
airradda_@lemmy.ml,1024,97,517,531,2
ady@lemmy.blahaj.zone,1024,97,517,531,2
sgtsilverlining@lemmy.blahaj.zone,1024,97,517,531,2
mdwhite999@lemmy.sdf.org,1030,96,517,531,2
artlin@lemmy.ml,1030,96,517,531,2
Xortarnation@pricefield.org,1030,96,517,531,2
whatsgoodwisconsin@lemmy.tf,1030,96,517,531,2
Rubix@lemmy.blahaj.zone,1030,96,517,531,2
Mortymcfry@aussie.zone,1030,96,517,531,2
ChaoticNeutralCzech@czech-lemmy.eu,1036,95,517,531,2
nano@nano.garden,1036,95,517,531,2
SkrillyD@lemmy.world,1036,95,517,531,2
SocialPhilosopher@lemm.ee,1039,94,517,531,2
derFensterputzer@feddit.de,1039,94,517,531,2
Quik@infosec.pub,1039,94,517,531,2
TheRtRevKaiser@beehaw.org,1042,93,517,531,2
MisterUrsus@pricefield.org,1042,93,517,531,2
xradeon@lemmy.one,1042,93,517,531,2
Johannes@feddit.nu,1045,92,517,531,2
Redjard@reddthat.com,1045,92,517,531,2
Redjard@lemmy.fmhy.net,1045,92,517,531,2
only0218@sh.itjust.works,1045,92,517,531,2
kommerzbert@feddit.de,1045,92,517,531,2
rmean@feddit.de,1050,90,517,531,2
speculater@lemmy.world,1050,90,517,531,2
zghva@lemmy.sdf.org,1052,89,517,531,2
Redjard@sh.itjust.works,1052,89,517,531,2
donnachaidh@lemmy.dcmrobertson.com,1052,89,517,531,2
Darbot@feddit.de,1052,89,517,531,2
blau1476@lemmy.world,1052,89,517,531,2
gamarus@lemmy.cat,1052,89,517,531,2
XioXis@sh.itjust.works,1058,88,517,531,2
Redjard@discuss.online,1058,88,517,531,2
HeckGazer@lemmy.world,1058,88,517,531,2
Arthur@infosec.pub,1058,88,517,531,2
Jim_Greece@lemmy.world,1062,87,517,531,2
ty3r0x@social.dn42.us,1062,87,517,531,2
Redjard@lemm.ee,1062,87,517,531,2
abbadon420@lemm.ee,1065,86,517,531,2
willycode@programming.dev,1065,86,517,531,2
Astrealix@lemmy.world,1065,86,517,531,2
Redjard@lemdro.id,1065,86,517,531,2
hvc_fogey34@lemmy.world,1065,86,517,531,2
AomoriRingo@lemmy.world,1065,86,517,531,2
invader_from_saturn@lemmy.eco.br,1065,86,517,531,2
00_Evan@lemmy.world,1072,85,517,531,2
mr_alkaline_vegans@lemmy.world,1072,85,517,531,2
mhzawadi@lemmy.horwood.cloud,1072,85,517,531,2
Pixelsuppe@sh.itjust.works,1072,85,517,531,2
jarim60367@lemmy.world,1076,84,517,531,2
captainskipper@feddit.de,1076,84,517,531,2
Trippin@lemmy.world,1076,84,517,531,2
plactagonic@sopuli.xyz,1079,83,517,531,2
SlowDancer@lemm.ee,1079,83,517,531,2
LittleSpark@feddit.nu,1079,83,517,531,2
JTStrikesBack@lemm.ee,1079,83,517,531,2
efwis@lemmy.zip,1079,83,517,531,2
flower3@feddit.de,1084,82,517,531,2
Prismey@sh.itjust.works,1084,82,517,531,2
Nath@lemmy.world,1084,82,517,531,2
Tyaida@lemmy.world,1084,82,517,531,2
megane_kun@lemm.ee,1088,81,517,531,2
sam@lemmy.ca,1088,81,517,531,2
nak@lemmy.blahaj.zone,1088,81,517,531,2
HeyMacaroni@lemmy.world,1088,81,517,531,2
photonic_sorcerer@lemmy.dbzer0.com,1092,80,517,531,2
Faresh@lemmy.ml,1092,80,517,531,2
cralder@lemmy.world,1092,80,517,531,2
Johnathan_Snake@feddit.de,1092,80,517,531,2
Kaerell_@sh.itjust.works,1092,80,517,531,2
EdherJr@sh.itjust.works,1092,80,517,531,2
blujan@sopuli.xyz,1092,80,517,531,2
jocarnail@lemmy.world,1099,79,517,531,2
PM_CTD2@lemmy.world,1099,79,517,531,2
Daudix@geddit.social,1099,79,517,531,2
Sargteapot@lemmy.world,1102,78,517,531,2
turboturtle@sh.itjust.works,1102,78,517,531,2
BitSound@lemmy.world,1102,78,517,531,2
Anonym271@feddit.de,1102,78,517,531,2
Oxandeath@lemm.ee,1102,78,517,531,2
Freakazoid@feddit.nl,1107,77,517,531,2
Sibbo@sopuli.xyz,1107,77,517,531,2
Doctorspike@lemmy.world,1107,77,517,531,2
Dan@casavaga.com,1110,76,517,531,2
kodoku@beehaw.org,1110,76,517,531,2
sag@lemmy.world,1110,76,517,531,2
habimij971@lemmy.world,1110,76,517,531,2
tschuuuls@feddit.de,1114,75,517,531,2
Ritschiratschi@feddit.de,1114,75,517,531,2
0xmrtt@lemmyrs.org,1114,75,517,531,2
eye@lemmy.ml,1114,75,517,531,2
mic@lemmy.ml,1114,75,517,531,2
r00bot@lemmy.blahaj.zone,1114,75,517,531,2
hreflex@yiffit.net,1114,75,517,531,2
inductor@feddit.de,1114,75,517,531,2
kurondie@lemmy.world,1114,75,517,531,2
Thoxy@lemmy.zip,1123,74,517,531,2
dadam@lemmy.world,1123,74,517,531,2
flatworm0084@feddit.de,1123,74,517,531,2
Compn12@sh.itjust.works,1126,73,517,531,2
SigneowTheCat@lemmy.world,1126,73,517,531,2
threelonmusketeers@sh.itjust.works,1126,73,517,531,2
KenDoStudios@lemmy.world,1126,73,517,531,2
johandea@feddit.nu,1126,73,517,531,2
JillyB@beehaw.org,1126,73,517,531,2
mregorkaul@sh.itjust.works,1132,72,517,531,2
calhoon2005@aussie.zone,1132,72,517,531,2
SteveTech@programming.dev,1134,71,517,531,2
Danterious@lemmy.world,1134,71,517,531,2
Dashi52@lemmy.world,1136,70,517,531,2
VeryEpicPotato@lemmy.comfysnug.space,1136,70,517,531,2
flamingmongoose@lemmy.blahaj.zone,1136,70,517,531,2
confluence@lemmy.world,1136,70,517,531,2
CatLikeLemming@lemmy.blahaj.zone,1140,69,517,531,2
darukhnarn@feddit.de,1140,69,517,531,2
RayNheartZ@lemmy.world,1140,69,517,531,2
DowntownQuality@lemmynsfw.com,1140,69,517,531,2
dormedas@lemmy.dormedas.com,1140,69,517,531,2
codebam@lemmy.ca,1145,68,517,531,2
osrsneedsf2p@lemmygrad.ml,1145,68,517,531,2
sotis@lemmy.world,1145,68,517,531,2
AnimalsR4Eating@lemmy.world,1145,68,517,531,2
SnootypantsEh@lemmy.ca,1149,67,517,531,2
Jomosoto@discuss.tchncs.de,1149,67,517,531,2
Lileath@lemmy.blahaj.zone,1149,67,517,531,2
dadam@lemmy.blahaj.zone,1149,67,517,531,2
deras@lemmy.world,1149,67,517,531,2
Ananas77@feddit.de,1154,66,517,531,2
skelper@lemmy.world,1154,66,517,531,2
emenac@lemmy.world,1154,66,517,531,2
quarlow@lemmy.world,1154,66,517,531,2
fouc@lemm.ee,1158,65,517,531,2
Trustacean@toast.ooo,1158,65,517,531,2
PhiliPdB@feddit.nl,1158,65,517,531,2
StarShocked@lemmy.blahaj.zone,1158,65,517,531,2
freeman@feddit.de,1158,65,517,531,2
Username02@lemmy.world,1163,64,517,531,2
NeilZar@feddit.nl,1164,63,517,531,2
aetrix@lemmy.world,1164,63,517,531,2
thewitchofcalamari@bookwormstory.social,1164,63,517,531,2
Jmr@lemmy.world,1167,62,517,531,2
amansman@lemmy.world,1167,62,517,531,2
f5xs_bhw0a@beehaw.org,1167,62,517,531,2
ademos@lemmy.world,1167,62,517,531,2
hackitfast@lemmy.world,1167,62,517,531,2
bsdguy0@programming.dev,1167,62,517,531,2
RandomRobot@reddthat.com,1167,62,517,531,2
anothercat434@lemmy.world,1167,62,517,531,2
Nugget359@lemmy.world,1175,61,517,531,2
FairyZombie@lemmy.world,1175,61,517,531,2
ehsan301@lemmy.world,1175,61,517,531,2
jjagaimo@lemmy.ca,1175,61,517,531,2
Chill_ninja@lemmy.world,1179,60,517,531,2
0x4576616e@lemmy.blahaj.zone,1179,60,517,531,2
ArcticAmphibian@lemmus.org,1179,60,517,531,2
theoretiker@feddit.de,1179,60,517,531,2
the_yaya@lemmy.world,1179,60,517,531,2
der_die_und_in_den@feddit.de,1179,60,517,531,2
botorfj@lemmy.world,1185,59,517,531,2
awyzza@lemmy.world,1185,59,517,531,2
not_a_king@beehaw.org,1185,59,517,531,2
alekks09@lemm.ee,1185,59,517,531,2
Taku@lemmy.world,1185,59,517,531,2
0xmrtt@lemmus.org,1185,59,517,531,2
reisen@lemmy.world,1185,59,517,531,2
Trex202@lemmy.one,1185,59,517,531,2
Anonymoose@feddit.de,1193,58,517,531,2
Y2K38@lemmy.one,1193,58,517,531,2
theamazing0@discuss.tchncs.de,1193,58,517,531,2
shrugal@lemmy.world,1196,57,517,531,2
pelotron@midwest.social,1196,57,517,531,2
HappyFrog@lemmy.blahaj.zone,1196,57,517,531,2
vinceman@lemmy.blahaj.zone,1196,57,517,531,2
quantenzitrone@feddit.de,1196,57,517,531,2
IYeetKids@reddthat.com,1196,57,517,531,2
SpecGeo@lemmy.world,1202,56,517,531,2
snax420@lemmy.world,1202,56,517,531,2
lauthals@feddit.de,1202,56,517,531,2
tubiq@lemmy.today,1202,56,517,531,2
qwarta_l@lemmy.world,1202,56,517,531,2
ssalovaa@lemmy.world,1202,56,517,531,2
aranea@lemmy.blahaj.zone,1208,55,517,531,2
AtHeartEngineer@lemmy.world,1208,55,517,531,2
moonleay@etaorion.org,1208,55,517,531,2
dekatron@lemmy.fmhy.net,1208,55,517,531,2
Dyggvi@compuverse.uk,1208,55,517,531,2
pupa@lemmy.today,1213,54,517,531,2
erranto@lemmy.world,1213,54,517,531,2
bz2486@lemmy.world,1213,54,517,531,2
monsterpiece42@reddthat.com,1213,54,517,531,2
MelodicBeam@lemmy.world,1213,54,517,531,2
TheSpookiestUser@lemmy.world,1213,54,517,531,2
tippamytongue@lemmy.world,1213,54,517,531,2
Rhabuko@feddit.de,1220,53,517,531,2
Bludd3@lemmy.world,1220,53,517,531,2
dire_rhea@lemmy.blahaj.zone,1220,53,517,531,2
sqw@lemmy.sdf.org,1223,52,517,531,2
Lost@lemmy.zip,1223,52,517,531,2
slyme@lemmy.world,1223,52,517,531,2
ruffsl@programming.dev,1223,52,517,531,2
Rezback@lemmy.world,1223,52,517,531,2
toastedenough@lemmy.ml,1228,51,517,531,2
HomerAtTheBat@lemmy.world,1228,51,517,531,2
endomorph@feddit.de,1228,51,517,531,2
refugee_pirate@lemm.ee,1228,51,517,531,2
AnxiousDuck@lemmy.blahaj.zone,1232,50,517,531,2
Ericskiff@beehaw.org,1233,49,517,531,2
quat@lemmy.sdfeu.org,1233,49,517,531,2
IAmAPeach@lemmy.world,1233,49,517,531,2
Kastelt@lemmy.blahaj.zone,1233,49,517,531,2
GRRRRR@lemmy.world,1237,48,517,531,2
prumbles@lemmy.world,1237,48,517,531,2
lokiposter@toast.ooo,1237,48,517,531,2
Latuga17@lemmy.world,1237,48,517,531,2
puchaczyk@lemmy.blahaj.zone,1237,48,517,531,2
rasensprenger@feddit.de,1242,47,517,531,2
MetaDoggo@lemmy.world,1242,47,517,531,2
RandomVideos@programming.dev,1242,47,517,531,2
theffabot@reddthat.com,1242,47,517,531,2
SlyFox@toast.ooo,1246,46,517,531,2
CandyMeow@lemmy.world,1246,46,517,531,2
Benot@monyet.cc,1246,46,517,531,2
girsaysdoom@sh.itjust.works,1246,46,517,531,2
YetiHafen@feddit.de,1250,45,517,531,2
Narc082@aussie.zone,1250,45,517,531,2
ClassyAmoeba@ttrpg.network,1250,45,517,531,2
Zard@discuss.tchncs.de,1250,45,517,531,2
henrywong327@lemmy.ml,1254,44,517,531,2
jeena@jemmy.jeena.net,1254,44,517,531,2
laser@lemmy.world,1254,44,517,531,2
syrelash@lemmy.world,1254,44,517,531,2
Theognephie@lemmy.world,1254,44,517,531,2
lanadelgay@lemmynsfw.com,1254,44,517,531,2
Yondan@feddit.de,1254,44,517,531,2
CameronDev@programming.dev,1254,44,517,531,2
Stumblinbear@pawb.social,1254,44,517,531,2
DaveDavesen@feddit.de,1263,43,517,531,2
Staz@lemmy.world,1263,43,517,531,2
w2qw@aussie.zone,1263,43,517,531,2
h3wastooshort@lemmy.blahaj.zone,1263,43,517,531,2
hstde@feddit.de,1267,42,517,531,2
corvus@lemmy.zip,1267,42,517,531,2
BurningCat@feddit.de,1267,42,517,531,2
zaine00@lemmy.world,1270,41,517,531,2
urzu_se7en@lemmy.world,1270,41,517,531,2
BeAware@lemmy.world,1270,41,517,531,2
qwrox@lemmy.blahaj.zone,1270,41,517,531,2
GasMaskedLunatic@lemmy.fmhy.net,1270,41,517,531,2
pizzaiolo@slrpnk.net,1270,41,517,531,2
greg@lemmy.ca,1270,41,517,531,2
reelay@lemmy.world,1277,40,517,531,2
danpcz@lemmy.world,1277,40,517,531,2
AlbigensianGhoul@lemmygrad.ml,1277,40,517,531,2
Mixel@feddit.de,1277,40,517,531,2
DMNC1998@lemmy.world,1277,40,517,531,2
Boeschmann@feddit.de,1282,39,517,531,2
suodrazah@lemmy.world,1282,39,517,531,2
flute@lemmynsfw.com,1282,39,517,531,2
LesMotsBalaises@lemmy.ca,1282,39,517,531,2
russjr08@outpost.zeuslink.net,1282,39,517,531,2
phillipo6@feddit.de,1282,39,517,531,2
hikarulsi@lemmy.world,1282,39,517,531,2
Periwinkledot@lemmy.world,1289,38,517,531,2
Pnda@lemmy.world,1289,38,517,531,2
dadam@beehaw.org,1289,38,517,531,2
cyde@lemmy.world,1289,38,517,531,2
patryk3211@sh.itjust.works,1289,38,517,531,2
magmaus3@szmer.info,1289,38,517,531,2
_Frog@feddit.ch,1289,38,517,531,2
GigaWerts@lemmy.eco.br,1289,38,517,531,2
SeeStars@lemmy.world,1289,38,517,531,2
auro@lemmy.world,1289,38,517,531,2
Sarmale@lemmy.zip,1299,37,517,531,2
mvirts@lemmy.world,1299,37,517,531,2
JackLotus@toast.ooo,1299,37,517,531,2
biosfood@programming.dev,1299,37,517,531,2
necrxfagivs@lemmy.world,1299,37,517,531,2
mesamunefire@lemmy.world,1299,37,517,531,2
J_C___@lemmy.place,1299,37,517,531,2
omma@discuss.tchncs.de,1306,36,517,531,2
samspudd@lemmy.lukeog.com,1306,36,517,531,2
RoseTwiddler@lemmy.blahaj.zone,1306,36,517,531,2
Pietrasagh@lemmy.world,1306,36,517,531,2
peanut_boy@lemmy.world,1306,36,517,531,2
wienerschnitzel@feddit.de,1306,36,517,531,2
5redie8@sh.itjust.works,1306,36,517,531,2
prince_equis_49@feddit.nl,1313,35,517,531,2
_danny@lemmy.ml,1313,35,517,531,2
Leftings@lemmy.world,1313,35,517,531,2
House5@lemmy.ca,1313,35,517,531,2
Yendor@reddthat.com,1317,34,517,531,2
Iliketoast@sh.itjust.works,1317,34,517,531,2
257m@lemmy.world,1317,34,517,531,2
Yonrak@lemmy.world,1317,34,517,531,2
Feathercrown@lemmy.world,1317,34,517,531,2
floppy@rabbitea.rs,1317,34,517,531,2
randint@lemm.ee,1317,34,517,531,2
jellyworm@toast.ooo,1324,33,517,531,2
maxy@lemmy.blahaj.zone,1324,33,517,531,2
depreciated_cost@lemmy.ml,1324,33,517,531,2
indomara@lemmy.world,1324,33,517,531,2
SkidFace@lemmy.world,1328,32,517,531,2
Dinosara@lemmy.world,1328,32,517,531,2
2014mu69@programming.dev,1328,32,517,531,2
Thedogspaw@midwest.social,1328,32,517,531,2
ShovelLiz@lemmy.zip,1328,32,517,531,2
ijeff@lemmy.world,1328,32,517,531,2
danifold@sh.itjust.works,1328,32,517,531,2
herbinator@feddit.de,1328,32,517,531,2
fer0n@lemm.ee,1328,32,517,531,2
sepiroth154@feddit.nl,1337,31,517,531,2
there1snospoon@ttrpg.network,1337,31,517,531,2
Gaudi@lemmy.ca,1337,31,517,531,2
catsunrisesaltcarrot@lemmy.world,1337,31,517,531,2
StormDasher@toast.ooo,1337,31,517,531,2
atewithouttable@sh.itjust.works,1337,31,517,531,2
astrarenae@lemmy.world,1343,30,517,531,2
TroubledVegan@lemmy.world,1343,30,517,531,2
Majora@lemmy.ml,1343,30,517,531,2
marsokod@lemmy.world,1343,30,517,531,2
BurritoBooster@feddit.de,1343,30,517,531,2
SirXer6xes@lemmy.world,1343,30,517,531,2
Dlofoshow@lemmy.world,1343,30,517,531,2
Hydro@lemmy.world,1350,29,517,531,2
monsdar@feddit.de,1350,29,517,531,2
Sterile_Technique@lemmy.world,1350,29,517,531,2
Vector@lemmy.world,1350,29,517,531,2
CoffeeDev@lemmy.studio,1350,29,517,531,2
macacoprego@lemmy.eco.br,1350,29,517,531,2
ymalki@lemmy.ml,1356,28,517,531,2
Cr0ssley@toast.ooo,1356,28,517,531,2
Cacktus@feddit.de,1356,28,517,531,2
pixl_xip@lemmy.world,1356,28,517,531,2
wiltur@jlai.lu,1356,28,517,531,2
Anahkiasen@lemmy.blahaj.zone,1356,28,517,531,2
SplopoDop@ani.social,1362,27,517,531,2
rufusloacker@feddit.it,1362,27,517,531,2
bestonecrazy@lemmy.zip,1362,27,517,531,2
Subnuggurat@lemmy.world,1362,27,517,531,2
hydrox@lemmy.world,1362,27,517,531,2
Vatorrr@reddthat.com,1362,27,517,531,2
u202307011927@feddit.de,1362,27,517,531,2
SorteKanin@feddit.dk,1362,27,517,531,2
conditional_soup@lemm.ee,1362,27,517,531,2
Fishy@sh.itjust.works,1362,27,517,531,2
Bleach7297@lemmy.ca,1362,27,517,531,2
iguanajuice@lemmy.world,1362,27,517,531,2
XPost3000@lemmy.ml,1362,27,517,531,2
Zulasas@feddit.de,1362,27,517,531,2
hotdoge42@feddit.de,1362,27,517,531,2
MoonlitKnight@lemm.ee,1377,26,517,531,2
alisu@lemmy.blahaj.zone,1377,26,517,531,2
BanthaFood@feddit.de,1377,26,517,531,2
BigBorner@feddit.de,1377,26,517,531,2
Kiyya@lemmy.world,1377,26,517,531,2
goosehorse@waveform.social,1377,26,517,531,2
fredofox@lemmy.world,1377,26,517,531,2
base@lemmy.world,1384,25,517,531,2
Supercool22323@lemmy.world,1384,25,517,531,2
President@lemmy.zip,1384,25,517,531,2
emma@programming.dev,1384,25,517,531,2
weeoooweeooo@lemmy.world,1384,25,517,531,2
mostvexingparse@lemmy.world,1384,25,517,531,2
laghum@feddit.de,1384,25,517,531,2
sleeping@programming.dev,1384,25,517,531,2
citron@jlai.lu,1384,25,517,531,2
Seth95@lemmy.world,1384,25,517,531,2
Akasazh@feddit.nl,1384,25,517,531,2
schneemensch@programming.dev,1384,25,517,531,2
chapper2@lemmy.world,1396,24,517,531,2
Seliaste@lemmy.blahaj.zone,1396,24,517,531,2
catshit_dogfart@lemmy.world,1396,24,517,531,2
Terevos@lemm.ee,1396,24,517,531,2
nailbar@sopuli.xyz,1396,24,517,531,2
emuspawn@orbiting.observer,1396,24,517,531,2
Floufym@lemmy.world,1396,24,517,531,2
slowturtle@lemmy.world,1396,24,517,531,2
silva@beehaw.org,1396,24,517,531,2
bram@lemm.ee,1396,24,517,531,2
echinop@lemmy.world,1396,24,517,531,2
Mcsudds_@lemmy.world,1407,23,517,531,2
lesserprophet@lemmy.world,1407,23,517,531,2
silverdiamond@lemmy.fmhy.net,1407,23,517,531,2
ElBarto@lzrprt.sbs,1407,23,517,531,2
Yn37@lemmy.world,1407,23,517,531,2
verysaxy@lemmynsfw.com,1407,23,517,531,2
hatchet@sh.itjust.works,1407,23,517,531,2
AMAMazing@aussie.zone,1407,23,517,531,2
Noah@lemmy.federated.club,1415,22,517,531,2
narc0tic_bird@lemm.ee,1415,22,517,531,2
Kobrakent@lemmy.world,1415,22,517,531,2
Vendofridge@aussie.zone,1415,22,517,531,2
xbhaktapur@lemmy.world,1415,22,517,531,2
HeavyRaptor@lemmy.zip,1415,22,517,531,2
JUSTaDUDE177013@lemmy.world,1415,22,517,531,2
Maciek@lemmy.zip,1415,22,517,531,2
ChaosEnjoyer@lemmy.world,1415,22,517,531,2
LittleWizard@feddit.de,1415,22,517,531,2
Zulasas@lemmy.world,1415,22,517,531,2
CatotheCat@beehaw.org,1415,22,517,531,2
TomatoCake@feddit.de,1415,22,517,531,2
retoor@geddit.social,1428,21,517,531,2
dfirebug@lemmy.world,1428,21,517,531,2
k0mprssd@lemm.ee,1428,21,517,531,2
Steeve9@lemmy.world,1428,21,517,531,2
azu@lemmy.world,1428,21,517,531,2
TheFrictionConstant@lemmy.world,1428,21,517,531,2
andres_os@lemm.ee,1428,21,517,531,2
Kelo@lemmy.world,1428,21,517,531,2
16mmPrecisely@mander.xyz,1428,21,517,531,2
s8m1t@lemmy.ml,1428,21,517,531,2
Pistacchio2211@lemm.ee,1428,21,517,531,2
lemmyrob23@feddit.de,1428,21,517,531,2
semi@lemmy.ml,1428,21,517,531,2
LenEnjoyer@lemmy.world,1441,20,517,531,2
vulnerability@sh.itjust.works,1441,20,517,531,2
DSAlKota@lemmy.world,1441,20,517,531,2
smoochypit@beehaw.org,1441,20,517,531,2
herrwoland@lemmy.world,1441,20,517,531,2
skipgang@lemmy.world,1441,20,517,531,2
jws_shadotak@lemmy.world,1441,20,517,531,2
WolfhunterGer@feddit.de,1441,20,517,531,2
rising_tony@lemmy.world,1441,20,517,531,2
popcar2@programming.dev,1441,20,517,531,2
whynotnat@monyet.cc,1441,20,517,531,2
Nata@lemmynsfw.com,1441,20,517,531,2
Lucidlethargy@sh.itjust.works,1441,20,517,531,2
mlp888@lemmy.world,1454,19,517,531,2
GlitchyDigiBun@lemmy.dbzer0.com,1454,19,517,531,2
bavragor@lemmy.world,1454,19,517,531,2
gnugeorgelewis@lemmy.ml,1454,19,517,531,2
fran@feddit.it,1454,19,517,531,2
theoware@sh.itjust.works,1454,19,517,531,2
skymtf@pricefield.org,1460,18,517,531,2
neutrinophage@sh.itjust.works,1460,18,517,531,2
karth_vader@lemm.ee,1460,18,517,531,2
Peter_Arbeitslos@feddit.de,1460,18,517,531,2
Mookulator@lemmy.world,1460,18,517,531,2
oessessnex@programming.dev,1460,18,517,531,2
OmniProto@lemmy.world,1460,18,517,531,2
ST5000@lemmy.world,1460,18,517,531,2
PaigePalisade@lemmy.blahaj.zone,1460,18,517,531,2
Mephir0@lemmy.world,1460,18,517,531,2
femboycuddles@lemmy.blahaj.zone,1460,18,517,531,2
Bademantel@feddit.de,1460,18,517,531,2
anosym@lemmy.world,1472,17,517,531,2
xpsking@midwest.social,1472,17,517,531,2
TechLich@lemmy.world,1472,17,517,531,2
zeroxhunter@lemmy.world,1472,17,517,531,2
moorey@lemmy.world,1472,17,517,531,2
AlphaWizard@sh.itjust.works,1472,17,517,531,2
Darkness4@lemmy.world,1472,17,517,531,2
Mowcherie@lemmy.world,1472,17,517,531,2
butiloveu@feddit.de,1472,17,517,531,2
mlsus@sh.itjust.works,1472,17,517,531,2
idge@lemmy.dbzer0.com,1472,17,517,531,2
ehsan301@discuss.tchncs.de,1472,17,517,531,2
TerraArk@feddit.de,1472,17,517,531,2
CareHare@sh.itjust.works,1485,16,517,531,2
masterX244@feddit.de,1485,16,517,531,2
Bluebanrigh@aussie.zone,1485,16,517,531,2
attero@feddit.de,1485,16,517,531,2
MrOzwaldMan@lemmy.ml,1485,16,517,531,2
CurtisIAmCorn@lemmy.world,1485,16,517,531,2
GhostOfElectricity@lemmy.zip,1485,16,517,531,2
MaKraMc@feddit.de,1485,16,517,531,2
blurryken@lemmy.world,1485,16,517,531,2
redeyeflightcontrol@lemmy.world,1485,16,517,531,2
JimboJr@sopuli.xyz,1485,16,517,531,2
Brainschaden@lemmy.world,1485,16,517,531,2
CaptainBlagbird@lemmy.world,1485,16,517,531,2
ArcticLynx@feddit.de,1485,16,517,531,2
Ashesinlalaland@lemmy.world,1485,16,517,531,2
Lobo6780@lemm.ee,1485,16,517,531,2
ConfidentLonely@lemmy.world,1501,15,517,531,2
emhl@feddit.de,1501,15,517,531,2
tartas1995@discuss.tchncs.de,1501,15,517,531,2
depersonable@beehaw.org,1501,15,517,531,2
billgates@lemm.ee,1501,15,517,531,2
auro@lemmy.ml,1501,15,517,531,2
Fizz@lemmy.nz,1501,15,517,531,2
jannis@feddit.de,1501,15,517,531,2
Lobohobo@lemmy.world,1501,15,517,531,2
akisamb@programming.dev,1501,15,517,531,2
Street_E@lemmy.ml,1501,15,517,531,2
vimzim@feddit.nl,1501,15,517,531,2
ajyflt@feddit.ch,1501,15,517,531,2
Yotagama@lemmy.world,1501,15,517,531,2
valkyrie@lemmy.ml,1515,14,517,531,2
kid4today@lemmy.ml,1515,14,517,531,2
un4@lemm.ee,1515,14,517,531,2
bignuts700@pawb.social,1515,14,517,531,2
jas@lemmy.world,1515,14,517,531,2
schademo@lemmy.world,1515,14,517,531,2
tugash@lemmy.world,1515,14,517,531,2
nfld0001@beehaw.org,1515,14,517,531,2
BastingChemina@slrpnk.net,1515,14,517,531,2
Samouille@jlai.lu,1515,14,517,531,2
A2PKXG@feddit.de,1515,14,517,531,2
Skyhighatrist@lemmy.ca,1515,14,517,531,2
Mahiro@lemmy.world,1515,14,517,531,2
cottonmon@lemmy.world,1515,14,517,531,2
no_me_jodas@lemmy.world,1515,14,517,531,2
Zelaf@sopuli.xyz,1515,14,517,531,2
DarthManantee@feddit.de,1515,14,517,531,2
anangrierterrarian@lemmy.blahaj.zone,1515,14,517,531,2
joanellex@lemmy.ml,1515,14,517,531,2
magical@feddit.nl,1515,14,517,531,2
Jlafs@lemmy.world,1515,14,517,531,2
chaosppe@lemmy.world,1515,14,517,531,2
huginn@feddit.it,1515,14,517,531,2
superkret@feddit.de,1538,13,517,531,2
Onion6068@feddit.de,1538,13,517,531,2
Crocrodile@lemmy.ca,1538,13,517,531,2
overfox@feddit.de,1538,13,517,531,2
nin0dev@lemmy.ml,1538,13,517,531,2
Thaurin@lemmy.world,1538,13,517,531,2
Reborn2966@feddit.it,1538,13,517,531,2
faceula@lemmy.world,1538,13,517,531,2
catcarlson@beehaw.org,1538,13,517,531,2
jenbat@lemmy.world,1538,13,517,531,2
c3pwned@lemmy.world,1538,13,517,531,2
user1919@lemmy.world,1538,13,517,531,2
running_squirrel@feddit.de,1538,13,517,531,2
Dfirebug@discuss.tchncs.de,1538,13,517,531,2
GloopBloop@lemmy.blahaj.zone,1538,13,517,531,2
ClemaX@lemm.ee,1538,13,517,531,2
Goodman@lemm.ee,1554,12,517,531,2
JohnnyLX91@lemmy.zip,1554,12,517,531,2
Picodon@lemmy.world,1554,12,517,531,2
name_NULL111653@pawb.social,1554,12,517,531,2
TeamAssimilation@infosec.pub,1554,12,517,531,2
Chaphasilor@feddit.nl,1554,12,517,531,2
RyanXero@lemmy.ca,1554,12,517,531,2
kadjiis@lemmy.world,1554,12,517,531,2
NikkiDimes@lemmy.world,1554,12,517,531,2
janAkali@lemmy.one,1554,12,517,531,2
susssu@thelemmy.club,1554,12,517,531,2
LudwigvanBeethoven@sh.itjust.works,1554,12,517,531,2
Txmyx@feddit.de,1554,12,517,531,2
Maeric@lemmy.world,1554,12,517,531,2
polite_cat@lemmy.world,1554,12,517,531,2
krdo@lmmy.net,1554,12,517,531,2
whoxtank28@lemmy.world,1554,12,517,531,2
Allqns@lemmy.world,1571,11,517,531,2
WhiskeyAndBackPain@lemmy.world,1571,11,517,531,2
sojh@lemmy.world,1571,11,517,531,2
IrishPotato@lemmy.world,1571,11,517,531,2
Blubton@feddit.nl,1571,11,517,531,2
Nil@lemm.ee,1571,11,517,531,2
burgersc12@sh.itjust.works,1571,11,517,531,2
paurix@feddit.de,1571,11,517,531,2
Imhotep@lemmy.world,1571,11,517,531,2
ObservingTrain@lemmy.world,1571,11,517,531,2
Warmwhisky@lemmy.world,1571,11,517,531,2
semaj@lemmy.world,1571,11,517,531,2
walfron@lemmy.world,1571,11,517,531,2
themakara@lemmy.world,1571,11,517,531,2
Rolcam@lemmy.world,1571,11,517,531,2
jcm@feddit.jcm.re,1571,11,517,531,2
Qwynt@lemmy.blahaj.zone,1571,11,517,531,2
v7x@lemmy.world,1571,11,517,531,2
Areexor@feddit.de,1571,11,517,531,2
mckean@programming.dev,1571,11,517,531,2
ChaoticNeutralCzech@beehaw.org,1571,11,517,531,2
JohnDClay@sh.itjust.works,1571,11,517,531,2
Lemmywinks666@lemmy.world,1571,11,517,531,2
ShadowDragon@discuss.tchncs.de,1571,11,517,531,2
Lukerator@lemmy.ml,1571,11,517,531,2
UrLogicFails@beehaw.org,1596,10,517,531,2
snip@lemmy.world,1596,10,517,531,2
MKtC1@toast.ooo,1596,10,517,531,2
Avin@lemmy.ml,1596,10,517,531,2
_pete_@lemmy.world,1596,10,517,531,2
artillect@lemmy.world,1596,10,517,531,2
MowFord@lemmy.world,1596,10,517,531,2
coretrax@feddit.de,1596,10,517,531,2
lackluster007@lemmy.world,1596,10,517,531,2
RuskPrick@lemmy.world,1596,10,517,531,2
Interesting_Test_814@jlai.lu,1596,10,517,531,2
poiqzy@lemmy.world,1596,10,517,531,2
brightwave@beehaw.org,1596,10,517,531,2
Binette@waveform.social,1596,10,517,531,2
mySFWaccount@lemmy.ca,1596,10,517,531,2
Esjee@lemmy.world,1596,10,517,531,2
AK56xXx@lemmy.ml,1596,10,517,531,2
One01x@lemmy.world,1596,10,517,531,2
Zagorath@aussie.zone,1596,10,517,531,2
zorgger@feddit.de,1615,9,517,531,2
stella@lemmy.blahaj.zone,1615,9,517,531,2
Dreadfighter23@lemmy.world,1615,9,517,531,2
Sentinian@lemmy.one,1615,9,517,531,2
Feable@feddit.nl,1615,9,517,531,2
bocian67@feddit.de,1615,9,517,531,2
cduke23@beehaw.org,1615,9,517,531,2
Xtallll@lemmy.blahaj.zone,1615,9,517,531,2
somedaysoon@lemmy.world,1615,9,517,531,2
theamigan@lemmy.dynatron.me,1615,9,517,531,2
toiletmaster69@lemmy.world,1615,9,517,531,2
quazar@lemmy.world,1615,9,517,531,2
Tope@sopuli.xyz,1615,9,517,531,2
varaki@lemm.ee,1615,9,517,531,2
GiM@feddit.de,1615,9,517,531,2
hbk@lemmy.world,1615,9,517,531,2
EntropicalVacation@midwest.social,1615,9,517,531,2
musaoruc@lemmy.ml,1615,9,517,531,2
pudel@lemm.ee,1615,9,517,531,2
CjP4rker@feddit.de,1615,9,517,531,2
KoiKo514@beehaw.org,1615,9,517,531,2
ddenis@discuss.tchncs.de,1615,9,517,531,2
crazystuff@discuss.online,1615,9,517,531,2
Zalzabar@lemmy.world,1615,9,517,531,2
Rhodin@lemmy.world,1615,9,517,531,2
grallo@feddit.de,1615,9,517,531,2
lenny@lemmy.federa.net,1615,9,517,531,2
Boogeyman4325@reddthat.com,1615,9,517,531,2
ezri@lemmy.blahaj.zone,1643,8,517,531,2
kcilc@lemmy.world,1643,8,517,531,2
moosetwin@lemmy.world,1643,8,517,531,2
PM_CTD7@lemm.ee,1643,8,517,531,2
Saarik@discuss.tchncs.de,1643,8,517,531,2
reentry@lemmy.world,1643,8,517,531,2
treeofnik@lemmy.world,1643,8,517,531,2
latency@lemmy.world,1643,8,517,531,2
StarshipBistromath@ttrpg.network,1643,8,517,531,2
cryoistalline@lemmy.ml,1643,8,517,531,2
Madbrad200@lemmy.world,1643,8,517,531,2
SiyahGuraag@sh.itjust.works,1643,8,517,531,2
ox0r@jlai.lu,1643,8,517,531,2
AresUII@lemmy.world,1643,8,517,531,2
calebcharles@slrpnk.net,1643,8,517,531,2
ScottMeme@sh.itjust.works,1643,8,517,531,2
horse@feddit.de,1643,8,517,531,2
KiranWells@pawb.social,1643,8,517,531,2
rbits@lemm.ee,1643,8,517,531,2
Branzananza@lemmy.world,1643,8,517,531,2
Ilgatto@lemmy.world,1643,8,517,531,2
DingDongDitch@lemmy.blahaj.zone,1643,8,517,531,2
TheMagicalTimonini@lemmy.world,1643,8,517,531,2
Cake@lemmings.world,1643,8,517,531,2
Alloy@lemmy.blahaj.zone,1643,8,517,531,2
ryannathans@lemmy.fmhy.net,1643,8,517,531,2
Transform2942@lemmy.ml,1643,8,517,531,2
OptimusPhillip@lemmy.world,1643,8,517,531,2
delaenya@lemmy.world,1643,8,517,531,2
halbgebildeter@lemm.ee,1643,8,517,531,2
StarLuigi@lemmy.blahaj.zone,1643,8,517,531,2
tara@lemmy.world,1643,8,517,531,2
farsinuce@feddit.dk,1643,8,517,531,2
cley_faye@lemmy.world,1643,8,517,531,2
xxcarpaii@sh.itjust.works,1643,8,517,531,2
inhale_vegetables@aussie.zone,1643,8,517,531,2
un_aristocrate@jlai.lu,1679,7,517,531,2
lucario_owo@yiffit.net,1679,7,517,531,2
gggobro@lemmy.dbzer0.com,1679,7,517,531,2
GalataBridge@feddit.de,1679,7,517,531,2
medvedev@lemmy.world,1679,7,517,531,2
jasdemi@lemm.ee,1679,7,517,531,2
zbeeblebrot@feddit.de,1679,7,517,531,2
InfiniteFlow@lemmy.world,1679,7,517,531,2
xrellx@lemmy.world,1679,7,517,531,2
ammonium@lemmy.world,1679,7,517,531,2
rookuk@lemmy.world,1679,7,517,531,2
removed@lemmy.world,1679,7,517,531,2
fnmain@programming.dev,1679,7,517,531,2
llama_spit@lemmy.world,1679,7,517,531,2
blaster_m@lemmy.world,1679,7,517,531,2
skysurfer@lemmy.world,1679,7,517,531,2
Provider@feddit.de,1679,7,517,531,2
late_night@sopuli.xyz,1679,7,517,531,2
Derpendicular@lemm.ee,1679,7,517,531,2
erkaf@feddit.de,1679,7,517,531,2
AbsorbLineage@lemmy.ml,1679,7,517,531,2
tabtomi@lemmy.world,1679,7,517,531,2
Pronian@lemmynsfw.com,1679,7,517,531,2
LeylaLove@lemmy.fmhy.net,1679,7,517,531,2
Timkmz@lemy.lol,1679,7,517,531,2
shinysquirrel@lemmy.ml,1679,7,517,531,2
SebiLetPlay@feddit.de,1679,7,517,531,2
Mefek@lemm.ee,1679,7,517,531,2
shards@lemmy.nz,1679,7,517,531,2
Sorr@lemdro.id,1679,7,517,531,2
tomcatt360@lemmy.world,1679,7,517,531,2
martreides@beehaw.org,1679,7,517,531,2
SubArcticTundra@lemmy.ml,1679,7,517,531,2
andrew@lemmy.stuart.fun,1679,7,517,531,2
SolarNialamide@slrpnk.net,1679,7,517,531,2
Weborl@lemmy.world,1679,7,517,531,2
Yeromon@discuss.tchncs.de,1679,7,517,531,2
frustrated_badger@lemmy.world,1679,7,517,531,2
Theykeeponrising@lemmy.world,1679,7,517,531,2
chainweasel@lemmy.world,1679,7,517,531,2
WriterDE@feddit.de,1679,7,517,531,2
JusticeForPorygon@lemmy.sdf.org,1720,6,517,531,2
naeap@sopuli.xyz,1720,6,517,531,2
jeff@programming.dev,1720,6,517,531,2
shashi154263@lemmy.world,1720,6,517,531,2
sayjess@lemmy.blahaj.zone,1720,6,517,531,2
Alitero@sh.itjust.works,1720,6,517,531,2
HerrNetzwerk@feddit.de,1720,6,517,531,2
marduk@lemmy.sdf.org,1720,6,517,531,2
yoshipunk123456@sh.itjust.works,1720,6,517,531,2
Jarlsburg@lemmy.world,1720,6,517,531,2
lordamplifier@pawb.social,1720,6,517,531,2
hidden_splendor@lemmy.world,1720,6,517,531,2
ChewbaccasClitoris@lemmy.nz,1720,6,517,531,2
Crackhappy@lemmy.world,1720,6,517,531,2
JoeWrench1023@startrek.website,1720,6,517,531,2
bushparty@lemmy.ca,1720,6,517,531,2
Boentrough@lemmy.ml,1720,6,517,531,2
apprehensively_human@lemmy.ca,1720,6,517,531,2
dBnx@lemmy.world,1720,6,517,531,2
muhaaliss@lemm.ee,1720,6,517,531,2
Trashboat@lemmy.ca,1720,6,517,531,2
AntiApple4life@lemmy.world,1720,6,517,531,2
hobble_bobble@feddit.nl,1720,6,517,531,2
hellfire103@sopuli.xyz,1720,6,517,531,2
anniahilatronv9000@lemmy.tf,1720,6,517,531,2
felix@lemmy.felixperron.com,1720,6,517,531,2
dopeshark@lemmy.world,1720,6,517,531,2
DNAmaster10@lemmy.sdf.org,1747,5,517,531,2
Vake@lemmy.world,1747,5,517,531,2
whyNotSquirrel@sh.itjust.works,1747,5,517,531,2
mamasch19@feddit.de,1747,5,517,531,2
CNC@lemmy.sdf.org,1747,5,517,531,2
elfuchso@feddit.de,1747,5,517,531,2
Remotedev@lemmy.ca,1747,5,517,531,2
ShadowCat@lemmy.world,1747,5,517,531,2
ColtenGamer9@lemmy.world,1747,5,517,531,2
NotSteve_@lemmy.ca,1747,5,517,531,2
Peepo___@lemmy.world,1747,5,517,531,2
z2k_@lemmy.nz,1747,5,517,531,2
bash@sh.itjust.works,1747,5,517,531,2
astraeus@programming.dev,1747,5,517,531,2
ChaoticNeutralCzech@lemmy.ml,1747,5,517,531,2
akulium@feddit.de,1747,5,517,531,2
panq@lemmy.nz,1747,5,517,531,2
Afiresword@lemmy.world,1747,5,517,531,2
Zerodya@lemm.ee,1747,5,517,531,2
catsup@lemmy.one,1747,5,517,531,2
Qwazpoi@lemmy.world,1747,5,517,531,2
Padarom@lemmy.world,1747,5,517,531,2
atlasraven31@lemm.ee,1747,5,517,531,2
luis123456@lemmy.world,1747,5,517,531,2
lxpw@lemmy.ca,1747,5,517,531,2
aevironis@lemmy.world,1747,5,517,531,2
Iunnrais@lemm.ee,1747,5,517,531,2
sludge@beehaw.org,1747,5,517,531,2
katnip@lemmy.world,1747,5,517,531,2
zabil@lemmy.world,1747,5,517,531,2
blooddemon40k@lemmy.world,1747,5,517,531,2
Xcf456@lemmy.nz,1747,5,517,531,2
Wade@lemmy.world,1747,5,517,531,2
bogus@lemmy.world,1747,5,517,531,2
Pika@lemmy.world,1747,5,517,531,2
Flowertree@pawb.social,1747,5,517,531,2
tanka@lemmy.ml,1747,5,517,531,2
sad@lemmy.world,1747,5,517,531,2
Limonene@lemmy.blahaj.zone,1747,5,517,531,2
krimsonbun@lemmy.ml,1747,5,517,531,2
drmoose@lemmy.world,1787,4,517,531,2
gitpsuh@programming.dev,1787,4,517,531,2
pavlov@lemmy.world,1787,4,517,531,2
DampMoss@lemmy.world,1787,4,517,531,2
TecCheck@feddit.de,1787,4,517,531,2
shadowh@lemmy.world,1787,4,517,531,2
Electric_Druid@lemmy.world,1787,4,517,531,2
NorthWestWind@lemmy.world,1787,4,517,531,2
Frippa@lemmy.ml,1787,4,517,531,2
qwrrrt@lemmy.world,1787,4,517,531,2
no_eponym@lemmy.ca,1787,4,517,531,2
not_someone_else@lemmy.world,1787,4,517,531,2
I_like_cats@lemmy.one,1787,4,517,531,2
teatime@infosec.pub,1787,4,517,531,2
2stovez@sh.itjust.works,1787,4,517,531,2
zovits@lemmy.world,1787,4,517,531,2
keropoktasen@lemmy.world,1787,4,517,531,2
Hitchie_Rawtin@lemmy.world,1787,4,517,531,2
ButWhatDoesItAllMean@sh.itjust.works,1787,4,517,531,2
Manzas@lemmy.world,1787,4,517,531,2
thedoginthewok@lemmy.world,1787,4,517,531,2
z3n0x@feddit.de,1787,4,517,531,2
gogosempai@programming.dev,1787,4,517,531,2
encode8062@lemmy.one,1787,4,517,531,2
swoos@feddit.de,1787,4,517,531,2
MisterCD@lemmy.world,1787,4,517,531,2
Desani@sh.itjust.works,1787,4,517,531,2
Better_than_nothin@lemmy.world,1787,4,517,531,2
Rollio@lemmy.world,1787,4,517,531,2
kleeritter@feddit.de,1787,4,517,531,2
WiseThat@lemmy.ca,1787,4,517,531,2
Abbrahan@lemmy.world,1787,4,517,531,2
johnrambo321@lemmy.world,1787,4,517,531,2
Test@feddit.de,1787,4,517,531,2
Alfiegerner@lemm.ee,1787,4,517,531,2
Omgarm@lemmy.world,1787,4,517,531,2
ndsvw@feddit.de,1787,4,517,531,2
gunnar@feddit.de,1787,4,517,531,2
Emi621@lemmy.blahaj.zone,1787,4,517,531,2
GamerNoek@lemm.ee,1787,4,517,531,2
rovingfox@lemmy.world,1787,4,517,531,2
gredo@lemmy.world,1787,4,517,531,2
THEPINKBANG@lemmy.world,1787,4,517,531,2
preussischblau@lemmy.ca,1787,4,517,531,2
mholiv@lemmy.world,1787,4,517,531,2
Foxientist@feddit.ch,1832,3,517,531,2
dukk@programming.dev,1832,3,517,531,2
Myriad@lemmy.world,1832,3,517,531,2
fallstop@sh.itjust.works,1832,3,517,531,2
cheerytext1981@lemmy.ca,1832,3,517,531,2
Zyratoxx@lemm.ee,1832,3,517,531,2
lukstru@feddit.de,1832,3,517,531,2
siyuze@lemmy.world,1832,3,517,531,2
victron@lemm.ee,1832,3,517,531,2
twoweebles@lemmy.world,1832,3,517,531,2
d4rko@beehaw.org,1832,3,517,531,2
MrSqueezles@lemm.ee,1832,3,517,531,2
cynetri@midwest.social,1832,3,517,531,2
diego@lemmy.ca,1832,3,517,531,2
nuclear@lemm.ee,1832,3,517,531,2
Terminarchs@slrpnk.net,1832,3,517,531,2
aiykfgdkatfkduftya@beehaw.org,1832,3,517,531,2
Pazzie@feddit.nl,1832,3,517,531,2
Solaki@feddit.de,1832,3,517,531,2
Sternout@feddit.de,1832,3,517,531,2
slugworth@lemmy.world,1832,3,517,531,2
hollyberries@lemmy.blahaj.zone,1832,3,517,531,2
dvonik@lemmy.world,1832,3,517,531,2
Ashley@lemmy.ca,1832,3,517,531,2
tiebe@lemmy.tiebe.dev,1832,3,517,531,2
Trev625@lemmy.world,1832,3,517,531,2
odin@programming.dev,1832,3,517,531,2
crl@lemmy.world,1832,3,517,531,2
CheeseRaider@geddit.social,1832,3,517,531,2
nlhstm@lemmy.world,1832,3,517,531,2
Earnest@lemmy.world,1832,3,517,531,2
SuddenTrash@lemm.ee,1832,3,517,531,2
MudSkipperKisser@lemmy.world,1832,3,517,531,2
SpookyPeppers@lemmy.dbzer0.com,1832,3,517,531,2
lrnz92@feddit.it,1832,3,517,531,2
testgoofy@infosec.pub,1832,3,517,531,2
sircheesethethird@lemmy.dbzer0.com,1832,3,517,531,2
kalahlora@lemmy.dbzer0.com,1832,3,517,531,2
germanatlas@lemmy.blahaj.zone,1832,3,517,531,2
Xypev@lemmy.fmhy.net,1832,3,517,531,2
meatcar@lemmy.ca,1832,3,517,531,2
Vex_Detrause@lemmy.ca,1832,3,517,531,2
programphoenix@programming.dev,1832,3,517,531,2
crampon@lemmy.world,1832,3,517,531,2
senslayer@lemmy.world,1832,3,517,531,2
Baku@aussie.zone,1832,3,517,531,2
Shameless@lemmy.world,1832,3,517,531,2
Tobi@lemmy.ml,1832,3,517,531,2
nale@lemmy.ml,1832,3,517,531,2
vdyasode@lemmy.world,1832,3,517,531,2
ferk@lemmy.ml,1832,3,517,531,2
failex234@i.d0ntknow.me,1832,3,517,531,2
sam_uk@lemmy.world,1832,3,517,531,2
Rinox@feddit.it,1832,3,517,531,2
muaddib@lemmygrad.ml,1832,3,517,531,2
TheBeef@lemmy.world,1832,3,517,531,2
original_ish_name@lemm.ee,1832,3,517,531,2
Rayleigh@feddit.de,1832,3,517,531,2
ShayKStage@programming.dev,1832,3,517,531,2
merci3@lemmy.world,1832,3,517,531,2
gummistiefel1000@feddit.de,1832,3,517,531,2
Laice@lemmy.world,1832,3,517,531,2
RustnRuin@lemm.ee,1832,3,517,531,2
Fjern@lemmy.world,1832,3,517,531,2
NeonWoofGenesis@l.henlo.fi,1832,3,517,531,2
rschecht@lemm.live,1832,3,517,531,2
trollface@lemmy.world,1832,3,517,531,2
retardgerman@feddit.de,1832,3,517,531,2
cinnamorollyy@lemmy.blahaj.zone,1832,3,517,531,2
slus@lemmy.ml,1832,3,517,531,2
gnomesaiyan@lemmy.world,1832,3,517,531,2
dditty@lemmy.world,1832,3,517,531,2
skaverat@discuss.tchncs.de,1832,3,517,531,2
manuel19@lemmy.world,1905,2,517,531,2
i_have_no_idea@lemmy.world,1905,2,517,531,2
TheWeirdo@lemmy.ml,1905,2,517,531,2
datavoid@lemmy.ml,1905,2,517,531,2
downdaemon@lemmy.ml,1905,2,517,531,2
shiggs@lemmy.blahaj.zone,1905,2,517,531,2
Szy@lemm.ee,1905,2,517,531,2
Rockyrikoko@lemmy.world,1905,2,517,531,2
ref209@lemmy.ml,1905,2,517,531,2
Garfieldinator@lemmy.world,1905,2,517,531,2
tetraodon@feddit.it,1905,2,517,531,2
KHN45@lemmy.world,1905,2,517,531,2
Utzmetah@feddit.it,1905,2,517,531,2
jsvh@lemmy.world,1905,2,517,531,2
whileloop@lemmy.world,1905,2,517,531,2
trex@discuss.tchncs.de,1905,2,517,531,2
Sparky_@lemmy.world,1905,2,517,531,2
Sept@lemmy.ml,1905,2,517,531,2
OpenSecret@beehaw.org,1905,2,517,531,2
pastthepixels@lemmy.potatoe.ca,1905,2,517,531,2
MajinBlayze@lemm.ee,1905,2,517,531,2
LadyFreya@lemmy.world,1905,2,517,531,2
httpjames@sh.itjust.works,1905,2,517,531,2
ziviz@lemmy.sdf.org,1905,2,517,531,2
helloharu@lemmy.world,1905,2,517,531,2
Downcount@lemmy.world,1905,2,517,531,2
OldWorldOrder@lemmy.world,1905,2,517,531,2
notasandwich1948@sh.itjust.works,1905,2,517,531,2
gamer191@lemmy.ca,1905,2,517,531,2
spankinspinach@sh.itjust.works,1905,2,517,531,2
abc@lemmus.org,1905,2,517,531,2
badrobot@lemmy.world,1905,2,517,531,2
Rickebo@l.rickebo.com,1905,2,517,531,2
NoName@lemmy.world,1905,2,517,531,2
MucherBucher@feddit.de,1905,2,517,531,2
Eww@sh.itjust.works,1905,2,517,531,2
ramjambamalam@lemmy.ca,1905,2,517,531,2
Doop@aussie.zone,1905,2,517,531,2
mercury@lemmy.blahaj.zone,1905,2,517,531,2
lelgenio@lemmy.ml,1905,2,517,531,2
ralothar@lemmy.world,1905,2,517,531,2
NiGe21202@feddit.de,1905,2,517,531,2
remus989@sh.itjust.works,1905,2,517,531,2
koen01@feddit.nl,1905,2,517,531,2
galim@lemmy.ca,1905,2,517,531,2
atomicpeach@pawb.social,1905,2,517,531,2
mbeezy@sh.itjust.works,1905,2,517,531,2
1stTime4MeInMCU@mander.xyz,1905,2,517,531,2
Yorokobii@lemmy.fmhy.net,1905,2,517,531,2
eternity_html@lemmy.zip,1905,2,517,531,2
MisterMonster@lemmy.world,1905,2,517,531,2
Thisone@lemmy.world,1905,2,517,531,2
danieldeer@lemmy.world,1905,2,517,531,2
d_k_bo@feddit.de,1905,2,517,531,2
Obsidiman@lemmy.blahaj.zone,1905,2,517,531,2
Gizmo@lemmy.world,1905,2,517,531,2
MCForTheBest@lemmy.world,1905,2,517,531,2
Stirnlappenbasilisk@feddit.de,1905,2,517,531,2
rammer@sopuli.xyz,1905,2,517,531,2
RVGamer06@sh.itjust.works,1905,2,517,531,2
xGealD24@toast.ooo,1905,2,517,531,2
Mercival@lemm.ee,1905,2,517,531,2
PhoenixRising@lemmy.world,1905,2,517,531,2
theredroom@midwest.social,1905,2,517,531,2
ege@beehaw.org,1905,2,517,531,2
Certainly_No_Brit@discuss.tchncs.de,1905,2,517,531,2
Beaker@lemmy.blahaj.zone,1905,2,517,531,2
KuttappanKalifornia@kerala.party,1905,2,517,531,2
RVGamer06@lemmy.world,1905,2,517,531,2
tasho@lemmy.blahaj.zone,1905,2,517,531,2
ProcurementCat@feddit.de,1905,2,517,531,2
yozhfyfyfy@lemmy.world,1905,2,517,531,2
Jiirbo@lemmy.ml,1905,2,517,531,2
h4milt0n@lemmy.world,1905,2,517,531,2
ilikemoney@lemmy.world,1905,2,517,531,2
GlowHuddy@lemmy.world,1905,2,517,531,2
pewgar_seemsimandroid@lemmy.blahaj.zone,1905,2,517,531,2
Mi2gob4islp@lemm.ee,1905,2,517,531,2
asap@feddit.de,1905,2,517,531,2
AI_toothbrush@lemmy.zip,1905,2,517,531,2
Vlyn@lemmy.world,1905,2,517,531,2
mistermonday@sh.itjust.works,1905,2,517,531,2
gleddified@lemmy.ca,1905,2,517,531,2
Bananable@feddit.nl,1905,2,517,531,2
Wanderscout@lemmy.world,1905,2,517,531,2
ollie@lemmy.world,1905,2,517,531,2
astronot@beehaw.org,1905,2,517,531,2
Marcus@lemmy.world,1905,2,517,531,2
Slowjoe@lemmy.zip,1905,2,517,531,2
Shit@sh.itjust.works,1905,2,517,531,2
rutrum@lm.paradisus.day,1905,2,517,531,2
cc42@feddit.dk,1905,2,517,531,2
DoctorMarques@feddit.de,1905,2,517,531,2
ZestycloseReception8@sopuli.xyz,1905,2,517,531,2
Kuro@sha1.nl,1905,2,517,531,2
leekleak@lemmy.world,1905,2,517,531,2
xilliah@beehaw.org,1905,2,517,531,2
RunawayTrain@lemmy.world,1905,2,517,531,2
domi@lemmy.secnd.me,1905,2,517,531,2
brenstar@midwest.social,1905,2,517,531,2
Person_Unavailible@lemmy.world,1905,2,517,531,2
mantelmann@feddit.de,1905,2,517,531,2
jana@leminal.space,1905,2,517,531,2
pineapplelover@lemm.ee,1905,2,517,531,2
Bit@lemm.ee,1905,2,517,531,2
Billy@lemmynsfw.com,1905,2,517,531,2
fr33man@lemmy.zip,1905,2,517,531,2
jackhp95@lemmy.world,1905,2,517,531,2
golli@lemm.ee,1905,2,517,531,2
joeybub@lemmy.world,1905,2,517,531,2
ryry1985@lemmy.world,1905,2,517,531,2
noodle@sh.itjust.works,1905,2,517,531,2
PRIMALmarauder@beehaw.org,1905,2,517,531,2
RedstoneWasTaken@lemmy.world,1905,2,517,531,2
Devoid@lemmy.zip,1905,2,517,531,2
izzel@lemmy.world,1905,2,517,531,2
Ascend910@lemmy.ml,1905,2,517,531,2
Icarus@lemmy.world,1905,2,517,531,2
Patuleia@lemmy.world,1905,2,517,531,2
But_Class_War@midwest.social,1905,2,517,531,2
Nimfi@beehaw.org,1905,2,517,531,2
pileofbricks@lemmy.world,1905,2,517,531,2
daninet@lemmy.world,1905,2,517,531,2
flameguy21@lemm.ee,1905,2,517,531,2
Leamaya@feddit.de,2029,1,517,531,2
DarkDarkHouse@lemmy.sdf.org,2029,1,517,531,2
schmeckledorfed_even@lemmy.world,2029,1,517,531,2
Duchess@yiffit.net,2029,1,517,531,2
thekingoflorda@lemmy.world,2029,1,517,531,2
dakr@lemmy.ml,2029,1,517,531,2
jesusrp98@lemmy.world,2029,1,517,531,2
Isbjerg@feddit.dk,2029,1,517,531,2
SheWhoExists@lemmy.blahaj.zone,2029,1,517,531,2
slushy@feddit.de,2029,1,517,531,2
ObviouslyNotBanana@lemmy.world,2029,1,517,531,2
ThrowawayInTheYear23@lemmy.world,2029,1,517,531,2
m0re@lemmy.world,2029,1,517,531,2
runswithjedi@lemmy.world,2029,1,517,531,2
kspatlas@sopuli.xyz,2029,1,517,531,2
samsy@lemmy.ml,2029,1,517,531,2
gNarkbrain@lemm.ee,2029,1,517,531,2
DarthWankstain@lemmy.world,2029,1,517,531,2
tim@lemmy.timwaterhouse.com,2029,1,517,531,2
nickname@toast.ooo,2029,1,517,531,2
Nrezcm@lemmy.world,2029,1,517,531,2
ImJustAKoala@yiffit.net,2029,1,517,531,2
CurlyWurlies4all@prxs.site,2029,1,517,531,2
lorkano@lemmy.world,2029,1,517,531,2
Serv@lemm.ee,2029,1,517,531,2
TheTeej107@lemmy.world,2029,1,517,531,2
I_dream_of_pancakes@lemmy.world,2029,1,517,531,2
afa1425@ani.social,2029,1,517,531,2
The_Hideous_Orgalorg@sh.itjust.works,2029,1,517,531,2
alcyoneous@beehaw.org,2029,1,517,531,2
Cabodastormentas@lemmy.pt,2029,1,517,531,2
Redecco@lemmy.world,2029,1,517,531,2
Max@feddit.dk,2029,1,517,531,2
violezine@toast.ooo,2029,1,517,531,2
Quasibrodo@lemmy.ml,2029,1,517,531,2
fishy_2_0@beehaw.org,2029,1,517,531,2
Lockenbert@slrpnk.net,2029,1,517,531,2
adanisi@lemmy.zip,2029,1,517,531,2
signposthead@lemmy.world,2029,1,517,531,2
floppydisk@sh.itjust.works,2029,1,517,531,2
arda@lemmy.world,2029,1,517,531,2
Lewistrick@feddit.nl,2029,1,517,531,2
lautrebeacon@lemmy.ca,2029,1,517,531,2
CeJiDe@jlai.lu,2029,1,517,531,2
Jordan117@lemmy.world,2029,1,517,531,2
cheeseblintzes@lemmy.world,2029,1,517,531,2
technicolours@lemmy.blahaj.zone,2029,1,517,531,2
Bangs42@reddthat.com,2029,1,517,531,2
thegreekgeek@midwest.social,2029,1,517,531,2
offthecrossbar@beehaw.org,2029,1,517,531,2
getallen@lemmy.world,2029,1,517,531,2
codalafin@pawb.social,2029,1,517,531,2
blackris@feddit.de,2029,1,517,531,2
kalteliebe@lemmy.world,2029,1,517,531,2
Bauh@monyet.cc,2029,1,517,531,2
alfredalpaca@lemmy.world,2029,1,517,531,2
kense@lmmy.dk,2029,1,517,531,2
ixoid@lemmy.world,2029,1,517,531,2
bdonvr@thelemmy.club,2029,1,517,531,2
PM_CTD4@lemm.ee,2029,1,517,531,2
joshlaserbeam@sh.itjust.works,2029,1,517,531,2
Booker@lemmy.world,2029,1,517,531,2
erdnaqwe@lemmy.world,2029,1,517,531,2
Surya@lemmy.world,2029,1,517,531,2
eyeseyesbaby@lemmy.world,2029,1,517,531,2
nukul4r@feddit.de,2029,1,517,531,2
rknx@lemmy.world,2029,1,517,531,2
NotAGuyInAHat@lemmy.world,2029,1,517,531,2
Pacrat173@lemmy.ml,2029,1,517,531,2
Christmaslemonade@mander.xyz,2029,1,517,531,2
XioR112@lemmy.world,2029,1,517,531,2
faebe2222@lemmy.world,2029,1,517,531,2
shaulliv@lemmy.world,2029,1,517,531,2
Sammy@lemmy.run,2029,1,517,531,2
cobra89@beehaw.org,2029,1,517,531,2
moriquende@lemmy.world,2029,1,517,531,2
arotrios@lemmy.world,2029,1,517,531,2
PFShady@lemmy.world,2029,1,517,531,2
RedHat@sh.itjust.works,2029,1,517,531,2
konalt@lemmy.world,2029,1,517,531,2
PM_CTD3@lemm.ee,2029,1,517,531,2
BigHungryChicken@lemmy.dbzer0.com,2029,1,517,531,2
PM_CTD5@lemm.ee,2029,1,517,531,2
Waluigi@lemmy.world,2029,1,517,531,2
Foexle@feddit.de,2029,1,517,531,2
Secret300@lemmy.world,2029,1,517,531,2
zet@lemmy.ml,2029,1,517,531,2
theambitiouscow@lemmy.world,2029,1,517,531,2
SolomonTheMagnificent@lemmy.blahaj.zone,2029,1,517,531,2
Qvest@lemmy.world,2029,1,517,531,2
cuddles@lemmy.blahaj.zone,2029,1,517,531,2
kryllic@programming.dev,2029,1,517,531,2
abfarid@lemmy.world,2029,1,517,531,2
Spectrism@feddit.de,2029,1,517,531,2
Feugnis@lemm.ee,2029,1,517,531,2
Tatar_Nobility@lemmy.ml,2029,1,517,531,2
tonyn@lemmy.ml,2029,1,517,531,2
tony@lemmy.hoyle.me.uk,2029,1,517,531,2
Isillios@lemmy.world,2029,1,517,531,2
Vegskret@lemmy.world,2029,1,517,531,2
pureness@lemmy.world,2029,1,517,531,2
lnid@lemmy.world,2029,1,517,531,2
dillekant@slrpnk.net,2029,1,517,531,2
TrippaSnippa@aussie.zone,2029,1,517,531,2
AFallingAnvil@lemmy.ca,2029,1,517,531,2
eldritch_lich@lemmy.world,2029,1,517,531,2
graphito@beehaw.org,2029,1,517,531,2
beatbrot@feddit.de,2029,1,517,531,2
amirul1934@lemmy.world,2029,1,517,531,2
Voltage@lemmy.fmhy.net,2029,1,517,531,2
YoshiBashirOBrien@startrek.website,2029,1,517,531,2
Raymordius@lemmy.world,2029,1,517,531,2
brh@lemmy.world,2029,1,517,531,2
WtfEvenIsExistence@reddthat.com,2029,1,517,531,2
Chellomere@lemmy.world,2029,1,517,531,2
CeruleanRuin@lemmy.world,2029,1,517,531,2
KotFlinte@feddit.de,2029,1,517,531,2
Edge004@lemmy.world,2029,1,517,531,2
Medinja@lemmy.world,2029,1,517,531,2
tired8281@lemmy.ca,2029,1,517,531,2
Aal456@lemmy.ml,2029,1,517,531,2
Gilmour1009@infosec.pub,2029,1,517,531,2
andi_waffen@lemmy.loomy.li,2029,1,517,531,2
Mir@programming.dev,2029,1,517,531,2
TimDEnchanter@lemmy.world,2029,1,517,531,2
spike@discuss.tchncs.de,2029,1,517,531,2
lemur12@lemmy.world,2029,1,517,531,2
BeardedWonder02@lemmy.world,2029,1,517,531,2
cheet@yiffit.net,2029,1,517,531,2
ggnoredo@lemm.ee,2029,1,517,531,2
Pepperonisalami@lemmy.world,2029,1,517,531,2
Nowitsabby@lemmy.blahaj.zone,2029,1,517,531,2
gfrewqpoiu@lemmy.world,2029,1,517,531,2
xttweaponttx@sh.itjust.works,2029,1,517,531,2
DeltAndy@lemm.ee,2029,1,517,531,2
vaderhoff@lemmy.world,2029,1,517,531,2
tubbadu@lemmy.kde.social,2029,1,517,531,2
athaki@lemmy.world,2029,1,517,531,2
pojankolli@discuss.tchncs.de,2029,1,517,531,2
MASBall8415@monyet.cc,2029,1,517,531,2
Anti_AirConditioning@lemmy.blahaj.zone,2029,1,517,531,2
Waker@lemmy.pt,2029,1,517,531,2
bearded_zero@lemmy.world,2029,1,517,531,2
nLuLukna@sh.itjust.works,2029,1,517,531,2
TornadoRex@lemmy.world,2029,1,517,531,2
GaleFromCali@lemmy.world,2029,1,517,531,2
PM_CTD6@lemm.ee,2029,1,517,531,2
Yoddel_Hickory@lemmy.ca,2029,1,517,531,2
ReakDuck@lemmy.ml,2029,1,517,531,2
liz1328@beehaw.org,2029,1,517,531,2
Cannizzaro@feddit.ch,2029,1,517,531,2
ProtonEvoker@lemmy.world,2029,1,517,531,2
phexinator@feddit.ch,2029,1,517,531,2
skyler@lemmy.world,2029,1,517,531,2
Severith@lemmy.world,2029,1,517,531,2
itsAsin@lemmy.world,2029,1,517,531,2
congalala@lemmy.world,2029,1,517,531,2
samc@lemmy.world,2029,1,517,531,2
macumbamacaca@feddit.nl,2029,1,517,531,2
Knossos@lemmy.world,2029,1,517,531,2
fxl@lemmy.world,2029,1,517,531,2
bigredwolf@lemmy.ml,2029,1,517,531,2
ajay@lemm.ee,2029,1,517,531,2
macbean@lemm.ee,2029,1,517,531,2
foxymulder@lemmy.ml,2029,1,517,531,2
Drewfro66@lemmygrad.ml,2029,1,517,531,2
elbarto777@lemmy.world,2029,1,517,531,2
DavidMason9995@lemmy.world,2029,1,517,531,2
imaginelizard@monyet.cc,2029,1,517,531,2
h3lp@lemm.ee,2029,1,517,531,2
bromswolligans@lemmy.world,2029,1,517,531,2
Erectsunshine@lemmy.world,2029,1,517,531,2
Appoxo@lemmy.dbzer0.com,2029,1,517,531,2
gio1135@lemmy.world,2029,1,517,531,2
beta@lemmy.blahaj.zone,2029,1,517,531,2
Mitchacho74@lemmy.world,2029,1,517,531,2
Vilian@lemmy.ca,2029,1,517,531,2
Midnightjunkie@lemmy.ca,2029,1,517,531,2
RobotDaniel@lemm.ee,2029,1,517,531,2
nesth@lemmy.ca,2029,1,517,531,2
